1,,"{""주식"": 22.0, ""채권"": 30.3, ""현금 및 예금"": 11.9, ""펀드"": 30.2, ""기타"": 5.6}"
2,,"{""주식"": 4.9, ""채권"": 15.5, ""현금 및 예금"": 32.5, ""펀드"": 23.2, ""기타"": 23.9}"
3,,"{""주식"": 37.7, ""채권"": 33.7, ""현금 및 예금"": 1.6, ""펀드"": 14.8, ""기타"": 12.2}"
4,,"{""주식"": 16.9, ""채권"": 20.9, ""현금 및 예금"": 14.4, ""펀드"": 23.0, ""기타"": 24.8}"
5,,"{""주식"": 16.9, ""채권"": 10.3, ""현금 및 예금"": 32.1, ""펀드"": 18.9, ""기타"": 21.9}"
6,,"{""주식"": 38.4, ""채권"": 8.9, ""현금 및 예금"": 3.8, ""펀드"": 12.2, ""기타"": 36.7}"
7,,"{""주식"": 22.7, ""채권"": 7.3, ""현금 및 예금"": 28.3, ""펀드"": 13.9, ""기타"": 27.9}"
8,,"{""주식"": 6.3, ""채권"": 26.2, ""현금 및 예금"": 25.9, ""펀드"": 24.6, ""기타"": 17.1}"
9,,"{""주식"": 2.2, ""채권"": 36.6, ""현금 및 예금"": 46.0, ""펀드"": 4.5, ""기타"": 10.7}"
10,,"{""주식"": 14.9, ""채권"": 13.2, ""현금 및 예금"": 30.4, ""펀드"": 29.2, ""기타"": 12.3}"
11,,"{""주식"": 21.0, ""채권"": 34.2, ""현금 및 예금"": 15.2, ""펀드"": 17.7, ""기타"": 11.8}"
12,,"{""주식"": 39.5, ""채권"": 21.5, ""현금 및 예금"": 29.0, ""펀드"": 3.4, ""기타"": 6.6}"
13,,"{""주식"": 17.5, ""채권"": 36.3, ""현금 및 예금"": 22.1, ""펀드"": 6.4, ""기타"": 17.6}"
14,,"{""주식"": 10.0, ""채권"": 1.4, ""현금 및 예금"": 25.7, ""펀드"": 19.9, ""기타"": 43.0}"
15,,"{""주식"": 5.5, ""채권"": 38.2, ""현금 및 예금"": 18.9, ""펀드"": 16.9, ""기타"": 20.5}"
16,,"{""주식"": 0.3, ""채권"": 21.6, ""현금 및 예금"": 28.9, ""펀드"": 18.0, ""기타"": 31.2}"
17,,"{""주식"": 26.9, ""채권"": 31.8, ""현금 및 예금"": 4.9, ""펀드"": 34.9, ""기타"": 1.5}"
18,,"{""주식"": 25.7, ""채권"": 23.5, ""현금 및 예금"": 19.2, ""펀드"": 18.5, ""기타"": 13.1}"
19,,"{""주식"": 16.6, ""채권"": 23.2, ""현금 및 예금"": 23.5, ""펀드"": 20.4, ""기타"": 16.4}"
20,,"{""주식"": 8.7, ""채권"": 5.9, ""현금 및 예금"": 36.6, ""펀드"": 27.3, ""기타"": 21.5}"
21,,"{""주식"": 16.4, ""채권"": 6.3, ""현금 및 예금"": 24.5, ""펀드"": 28.0, ""기타"": 24.7}"
22,,"{""주식"": 4.9, ""채권"": 17.5, ""현금 및 예금"": 30.3, ""펀드"": 27.4, ""기타"": 19.9}"
23,,"{""주식"": 18.9, ""채권"": 1.3, ""현금 및 예금"": 26.1, ""펀드"": 25.8, ""기타"": 27.9}"
24,,"{""주식"": 7.7, ""채권"": 1.4, ""현금 및 예금"": 38.9, ""펀드"": 50.7, ""기타"": 1.3}"
25,,"{""주식"": 2.7, ""채권"": 45.2, ""현금 및 예금"": 20.0, ""펀드"": 1.2, ""기타"": 30.9}"
26,,"{""주식"": 19.7, ""채권"": 15.7, ""현금 및 예금"": 18.5, ""펀드"": 22.2, ""기타"": 23.9}"
27,,"{""주식"": 38.0, ""채권"": 16.2, ""현금 및 예금"": 6.6, ""펀드"": 0.7, ""기타"": 38.5}"
28,,"{""주식"": 29.9, ""채권"": 28.9, ""현금 및 예금"": 25.2, ""펀드"": 2.4, ""기타"": 13.6}"
29,,"{""주식"": 6.6, ""채권"": 38.1, ""현금 및 예금"": 11.1, ""펀드"": 15.4, ""기타"": 28.9}"
30,,"{""주식"": 16.9, ""채권"": 40.8, ""현금 및 예금"": 27.9, ""펀드"": 1.3, ""기타"": 13.2}"
31,,"{""주식"": 16.1, ""채권"": 16.2, ""현금 및 예금"": 21.0, ""펀드"": 23.2, ""기타"": 23.5}"
32,,"{""주식"": 27.7, ""채권"": 2.1, ""현금 및 예금"": 23.8, ""펀드"": 18.6, ""기타"": 27.8}"
33,,"{""주식"": 12.8, ""채권"": 16.7, ""현금 및 예금"": 22.6, ""펀드"": 24.9, ""기타"": 23.0}"
34,,"{""주식"": 14.6, ""채권"": 23.7, ""현금 및 예금"": 30.3, ""펀드"": 20.2, ""기타"": 11.3}"
35,,"{""주식"": 10.1, ""채권"": 18.6, ""현금 및 예금"": 23.0, ""펀드"": 24.3, ""기타"": 24.0}"
36,,"{""주식"": 1.2, ""채권"": 42.0, ""현금 및 예금"": 19.8, ""펀드"": 26.7, ""기타"": 10.3}"
37,,"{""주식"": 25.4, ""채권"": 24.2, ""현금 및 예금"": 27.6, ""펀드"": 11.1, ""기타"": 11.8}"
38,,"{""주식"": 17.7, ""채권"": 2.9, ""현금 및 예금"": 27.3, ""펀드"": 23.0, ""기타"": 29.1}"
39,,"{""주식"": 25.7, ""채권"": 10.7, ""현금 및 예금"": 21.9, ""펀드"": 13.5, ""기타"": 28.2}"
40,,"{""주식"": 26.2, ""채권"": 24.6, ""현금 및 예금"": 11.9, ""펀드"": 37.1, ""기타"": 0.2}"
41,,"{""주식"": 16.9, ""채권"": 28.4, ""현금 및 예금"": 30.8, ""펀드"": 15.6, ""기타"": 8.3}"
42,,"{""주식"": 16.1, ""채권"": 31.5, ""현금 및 예금"": 38.9, ""펀드"": 0.1, ""기타"": 13.4}"
43,,"{""주식"": 15.2, ""채권"": 25.3, ""현금 및 예금"": 38.2, ""펀드"": 10.9, ""기타"": 10.4}"
44,,"{""주식"": 31.9, ""채권"": 14.5, ""현금 및 예금"": 11.0, ""펀드"": 31.2, ""기타"": 11.4}"
45,,"{""주식"": 23.5, ""채권"": 14.3, ""현금 및 예금"": 23.3, ""펀드"": 13.9, ""기타"": 24.9}"
46,,"{""주식"": 29.9, ""채권"": 15.0, ""현금 및 예금"": 18.3, ""펀드"": 25.7, ""기타"": 11.2}"
47,,"{""주식"": 27.3, ""채권"": 25.7, ""현금 및 예금"": 5.5, ""펀드"": 20.7, ""기타"": 20.8}"
48,,"{""주식"": 18.7, ""채권"": 45.0, ""현금 및 예금"": 15.7, ""펀드"": 16.3, ""기타"": 4.3}"
49,,"{""주식"": 14.4, ""채권"": 26.4, ""현금 및 예금"": 26.7, ""펀드"": 1.8, ""기타"": 30.6}"
50,,"{""주식"": 27.9, ""채권"": 41.2, ""현금 및 예금"": 15.8, ""펀드"": 0.5, ""기타"": 14.6}"
51,,"{""주식"": 33.9, ""채권"": 5.4, ""현금 및 예금"": 22.6, ""펀드"": 12.3, ""기타"": 25.8}"
52,,"{""주식"": 27.0, ""채권"": 2.1, ""현금 및 예금"": 33.7, ""펀드"": 32.2, ""기타"": 4.9}"
53,,"{""주식"": 8.4, ""채권"": 23.0, ""현금 및 예금"": 3.9, ""펀드"": 29.4, ""기타"": 35.3}"
54,,"{""주식"": 20.7, ""채권"": 4.7, ""현금 및 예금"": 60.2, ""펀드"": 0.7, ""기타"": 13.7}"
55,,"{""주식"": 19.8, ""채권"": 25.0, ""현금 및 예금"": 26.4, ""펀드"": 18.4, ""기타"": 10.4}"
56,,"{""주식"": 59.0, ""채권"": 6.2, ""현금 및 예금"": 33.9, ""펀드"": 0.8, ""기타"": 0.1}"
57,,"{""주식"": 22.6, ""채권"": 7.9, ""현금 및 예금"": 27.7, ""펀드"": 25.7, ""기타"": 16.1}"
58,,"{""주식"": 15.5, ""채권"": 5.5, ""현금 및 예금"": 24.5, ""펀드"": 28.4, ""기타"": 26.2}"
59,,"{""주식"": 30.3, ""채권"": 17.8, ""현금 및 예금"": 20.8, ""펀드"": 24.4, ""기타"": 6.7}"
60,,"{""주식"": 35.8, ""채권"": 16.3, ""현금 및 예금"": 25.3, ""펀드"": 8.4, ""기타"": 14.2}"
61,,"{""주식"": 31.1, ""채권"": 44.9, ""현금 및 예금"": 19.3, ""펀드"": 2.8, ""기타"": 1.9}"
62,,"{""주식"": 8.4, ""채권"": 33.0, ""현금 및 예금"": 15.5, ""펀드"": 15.2, ""기타"": 28.0}"
63,,"{""주식"": 18.0, ""채권"": 36.3, ""현금 및 예금"": 5.5, ""펀드"": 35.8, ""기타"": 4.3}"
64,,"{""주식"": 18.7, ""채권"": 37.5, ""현금 및 예금"": 18.9, ""펀드"": 15.7, ""기타"": 9.3}"
65,,"{""주식"": 3.4, ""채권"": 25.9, ""현금 및 예금"": 4.5, ""펀드"": 31.9, ""기타"": 34.3}"
66,,"{""주식"": 5.3, ""채권"": 41.7, ""현금 및 예금"": 27.0, ""펀드"": 1.0, ""기타"": 25.0}"
67,,"{""주식"": 27.5, ""채권"": 39.9, ""현금 및 예금"": 8.7, ""펀드"": 14.7, ""기타"": 9.2}"
68,,"{""주식"": 21.1, ""채권"": 24.7, ""현금 및 예금"": 38.5, ""펀드"": 10.0, ""기타"": 5.7}"
69,,"{""주식"": 41.6, ""채권"": 15.5, ""현금 및 예금"": 2.5, ""펀드"": 21.7, ""기타"": 18.7}"
70,,"{""주식"": 14.1, ""채권"": 30.3, ""현금 및 예금"": 34.7, ""펀드"": 9.8, ""기타"": 11.1}"
71,,"{""주식"": 4.9, ""채권"": 48.3, ""현금 및 예금"": 18.2, ""펀드"": 16.1, ""기타"": 12.5}"
72,,"{""주식"": 32.0, ""채권"": 33.2, ""현금 및 예금"": 5.2, ""펀드"": 1.5, ""기타"": 28.2}"
73,,"{""주식"": 17.4, ""채권"": 16.1, ""현금 및 예금"": 38.4, ""펀드"": 6.8, ""기타"": 21.3}"
74,,"{""주식"": 25.0, ""채권"": 22.1, ""현금 및 예금"": 16.9, ""펀드"": 12.3, ""기타"": 23.7}"
75,,"{""주식"": 3.7, ""채권"": 29.8, ""현금 및 예금"": 26.7, ""펀드"": 29.9, ""기타"": 9.9}"
76,,"{""주식"": 29.3, ""채권"": 12.6, ""현금 및 예금"": 1.2, ""펀드"": 27.8, ""기타"": 29.0}"
77,,"{""주식"": 4.6, ""채권"": 32.0, ""현금 및 예금"": 9.4, ""펀드"": 25.8, ""기타"": 28.2}"
78,,"{""주식"": 4.7, ""채권"": 27.4, ""현금 및 예금"": 21.6, ""펀드"": 20.2, ""기타"": 26.1}"
79,,"{""주식"": 44.8, ""채권"": 15.1, ""현금 및 예금"": 22.7, ""펀드"": 6.3, ""기타"": 11.1}"
80,,"{""주식"": 15.2, ""채권"": 39.6, ""현금 및 예금"": 7.5, ""펀드"": 14.8, ""기타"": 22.8}"
81,,"{""주식"": 5.1, ""채권"": 70.1, ""현금 및 예금"": 0.7, ""펀드"": 13.2, ""기타"": 10.8}"
82,,"{""주식"": 28.0, ""채권"": 8.8, ""현금 및 예금"": 7.4, ""펀드"": 26.9, ""기타"": 28.7}"
83,,"{""주식"": 25.9, ""채권"": 26.5, ""현금 및 예금"": 25.3, ""펀드"": 11.1, ""기타"": 11.2}"
84,,"{""주식"": 32.9, ""채권"": 17.4, ""현금 및 예금"": 12.4, ""펀드"": 9.8, ""기타"": 27.5}"
85,,"{""주식"": 24.6, ""채권"": 21.1, ""현금 및 예금"": 13.1, ""펀드"": 24.4, ""기타"": 16.7}"
86,,"{""주식"": 1.7, ""채권"": 27.1, ""현금 및 예금"": 15.5, ""펀드"": 29.4, ""기타"": 26.4}"
87,,"{""주식"": 33.5, ""채권"": 35.6, ""현금 및 예금"": 22.5, ""펀드"": 4.1, ""기타"": 4.3}"
88,,"{""주식"": 30.5, ""채권"": 9.1, ""현금 및 예금"": 24.8, ""펀드"": 11.5, ""기타"": 24.1}"
89,,"{""주식"": 28.3, ""채권"": 14.9, ""현금 및 예금"": 45.3, ""펀드"": 2.3, ""기타"": 9.2}"
90,,"{""주식"": 16.3, ""채권"": 6.3, ""현금 및 예금"": 23.7, ""펀드"": 27.8, ""기타"": 25.8}"
91,,"{""주식"": 3.7, ""채권"": 13.1, ""현금 및 예금"": 29.5, ""펀드"": 41.2, ""기타"": 12.5}"
92,,"{""주식"": 15.6, ""채권"": 30.4, ""현금 및 예금"": 10.0, ""펀드"": 33.3, ""기타"": 10.7}"
93,,"{""주식"": 22.7, ""채권"": 21.2, ""현금 및 예금"": 25.6, ""펀드"": 27.7, ""기타"": 2.7}"
94,,"{""주식"": 17.9, ""채권"": 24.4, ""현금 및 예금"": 25.2, ""펀드"": 15.5, ""기타"": 17.0}"
95,,"{""주식"": 14.0, ""채권"": 19.6, ""현금 및 예금"": 12.4, ""펀드"": 19.2, ""기타"": 34.8}"
96,,"{""주식"": 12.5, ""채권"": 4.4, ""현금 및 예금"": 41.3, ""펀드"": 27.2, ""기타"": 14.6}"
97,,"{""주식"": 15.6, ""채권"": 26.7, ""현금 및 예금"": 9.7, ""펀드"": 24.6, ""기타"": 23.4}"
98,,"{""주식"": 34.2, ""채권"": 19.4, ""현금 및 예금"": 8.5, ""펀드"": 35.7, ""기타"": 2.3}"
99,,"{""주식"": 25.4, ""채권"": 27.9, ""현금 및 예금"": 7.4, ""펀드"": 5.2, ""기타"": 34.1}"
100,,"{""주식"": 23.4, ""채권"": 38.1, ""현금 및 예금"": 33.5, ""펀드"": 4.6, ""기타"": 0.4}"
101,,"{""주식"": 7.4, ""채권"": 38.5, ""현금 및 예금"": 23.2, ""펀드"": 2.0, ""기타"": 28.9}"
102,,"{""주식"": 11.6, ""채권"": 40.2, ""현금 및 예금"": 32.2, ""펀드"": 9.4, ""기타"": 6.5}"
103,,"{""주식"": 16.9, ""채권"": 17.2, ""현금 및 예금"": 33.0, ""펀드"": 23.3, ""기타"": 9.6}"
104,,"{""주식"": 26.9, ""채권"": 15.2, ""현금 및 예금"": 23.2, ""펀드"": 19.8, ""기타"": 14.9}"
105,,"{""주식"": 9.7, ""채권"": 28.0, ""현금 및 예금"": 19.5, ""펀드"": 28.3, ""기타"": 14.5}"
106,,"{""주식"": 6.5, ""채권"": 20.8, ""현금 및 예금"": 23.6, ""펀드"": 28.8, ""기타"": 20.2}"
107,,"{""주식"": 12.1, ""채권"": 17.1, ""현금 및 예금"": 26.5, ""펀드"": 14.0, ""기타"": 30.3}"
108,,"{""주식"": 11.6, ""채권"": 31.7, ""현금 및 예금"": 19.3, ""펀드"": 26.3, ""기타"": 10.9}"
109,,"{""주식"": 8.9, ""채권"": 15.3, ""현금 및 예금"": 25.1, ""펀드"": 16.0, ""기타"": 34.8}"
110,,"{""주식"": 24.1, ""채권"": 28.3, ""현금 및 예금"": 11.5, ""펀드"": 16.7, ""기타"": 19.5}"
111,,"{""주식"": 22.5, ""채권"": 4.6, ""현금 및 예금"": 43.8, ""펀드"": 1.0, ""기타"": 28.2}"
112,,"{""주식"": 10.4, ""채권"": 28.2, ""현금 및 예금"": 35.1, ""펀드"": 17.5, ""기타"": 8.9}"
113,,"{""주식"": 2.7, ""채권"": 0.7, ""현금 및 예금"": 31.2, ""펀드"": 22.4, ""기타"": 43.0}"
114,,"{""주식"": 31.4, ""채권"": 17.6, ""현금 및 예금"": 17.9, ""펀드"": 9.3, ""기타"": 23.7}"
115,,"{""주식"": 22.9, ""채권"": 7.2, ""현금 및 예금"": 45.7, ""펀드"": 6.8, ""기타"": 17.4}"
116,,"{""주식"": 21.6, ""채권"": 24.5, ""현금 및 예금"": 21.3, ""펀드"": 15.2, ""기타"": 17.4}"
117,,"{""주식"": 10.6, ""채권"": 18.1, ""현금 및 예금"": 4.3, ""펀드"": 34.7, ""기타"": 32.3}"
118,,"{""주식"": 24.6, ""채권"": 52.6, ""현금 및 예금"": 8.7, ""펀드"": 10.3, ""기타"": 3.8}"
119,,"{""주식"": 21.1, ""채권"": 25.3, ""현금 및 예금"": 11.2, ""펀드"": 32.6, ""기타"": 9.8}"
120,,"{""주식"": 30.2, ""채권"": 14.2, ""현금 및 예금"": 6.7, ""펀드"": 12.1, ""기타"": 36.9}"
121,,"{""주식"": 18.2, ""채권"": 11.8, ""현금 및 예금"": 25.1, ""펀드"": 16.0, ""기타"": 28.9}"
122,,"{""주식"": 25.2, ""채권"": 26.4, ""현금 및 예금"": 20.3, ""펀드"": 0.9, ""기타"": 27.2}"
123,,"{""주식"": 38.3, ""채권"": 20.3, ""현금 및 예금"": 15.4, ""펀드"": 23.3, ""기타"": 2.7}"
124,,"{""주식"": 25.8, ""채권"": 21.2, ""현금 및 예금"": 21.5, ""펀드"": 16.3, ""기타"": 15.1}"
125,,"{""주식"": 22.8, ""채권"": 22.7, ""현금 및 예금"": 36.1, ""펀드"": 16.3, ""기타"": 2.2}"
126,,"{""주식"": 14.7, ""채권"": 37.5, ""현금 및 예금"": 34.2, ""펀드"": 4.4, ""기타"": 9.2}"
127,,"{""주식"": 32.1, ""채권"": 8.8, ""현금 및 예금"": 2.2, ""펀드"": 17.7, ""기타"": 39.2}"
128,,"{""주식"": 6.8, ""채권"": 38.5, ""현금 및 예금"": 0.3, ""펀드"": 43.5, ""기타"": 10.8}"
129,,"{""주식"": 35.3, ""채권"": 15.1, ""현금 및 예금"": 8.7, ""펀드"": 27.5, ""기타"": 13.4}"
130,,"{""주식"": 15.6, ""채권"": 18.0, ""현금 및 예금"": 29.4, ""펀드"": 6.7, ""기타"": 30.3}"
131,,"{""주식"": 17.7, ""채권"": 19.5, ""현금 및 예금"": 8.4, ""펀드"": 30.4, ""기타"": 24.0}"
132,,"{""주식"": 14.2, ""채권"": 20.5, ""현금 및 예금"": 29.9, ""펀드"": 28.3, ""기타"": 7.1}"
133,,"{""주식"": 21.8, ""채권"": 10.6, ""현금 및 예금"": 19.7, ""펀드"": 18.5, ""기타"": 29.4}"
134,,"{""주식"": 13.1, ""채권"": 1.5, ""현금 및 예금"": 45.7, ""펀드"": 25.1, ""기타"": 14.7}"
135,,"{""주식"": 11.5, ""채권"": 15.4, ""현금 및 예금"": 8.4, ""펀드"": 30.3, ""기타"": 34.5}"
136,,"{""주식"": 5.2, ""채권"": 37.5, ""현금 및 예금"": 16.3, ""펀드"": 28.2, ""기타"": 12.8}"
137,,"{""주식"": 24.0, ""채권"": 17.6, ""현금 및 예금"": 3.0, ""펀드"": 28.8, ""기타"": 26.6}"
138,,"{""주식"": 22.7, ""채권"": 2.7, ""현금 및 예금"": 26.6, ""펀드"": 25.8, ""기타"": 22.2}"
139,,"{""주식"": 3.5, ""채권"": 39.3, ""현금 및 예금"": 35.3, ""펀드"": 14.4, ""기타"": 7.6}"
140,,"{""주식"": 36.9, ""채권"": 10.2, ""현금 및 예금"": 3.5, ""펀드"": 31.0, ""기타"": 18.5}"
141,,"{""주식"": 22.9, ""채권"": 28.2, ""현금 및 예금"": 9.3, ""펀드"": 17.3, ""기타"": 22.3}"
142,,"{""주식"": 11.7, ""채권"": 39.8, ""현금 및 예금"": 10.8, ""펀드"": 11.3, ""기타"": 26.4}"
143,,"{""주식"": 12.5, ""채권"": 28.1, ""현금 및 예금"": 16.9, ""펀드"": 24.0, ""기타"": 18.4}"
144,,"{""주식"": 2.3, ""채권"": 37.6, ""현금 및 예금"": 5.5, ""펀드"": 13.1, ""기타"": 41.5}"
145,,"{""주식"": 18.5, ""채권"": 16.1, ""현금 및 예금"": 33.1, ""펀드"": 2.2, ""기타"": 30.1}"
146,,"{""주식"": 5.8, ""채권"": 26.1, ""현금 및 예금"": 18.3, ""펀드"": 27.2, ""기타"": 22.6}"
147,,"{""주식"": 19.7, ""채권"": 47.9, ""현금 및 예금"": 18.0, ""펀드"": 13.0, ""기타"": 1.4}"
148,,"{""주식"": 26.7, ""채권"": 15.9, ""현금 및 예금"": 7.1, ""펀드"": 29.4, ""기타"": 20.8}"
149,,"{""주식"": 36.7, ""채권"": 43.1, ""현금 및 예금"": 3.6, ""펀드"": 4.6, ""기타"": 12.1}"
150,,"{""주식"": 29.8, ""채권"": 9.7, ""현금 및 예금"": 10.7, ""펀드"": 27.4, ""기타"": 22.4}"
151,,"{""주식"": 14.1, ""채권"": 16.4, ""현금 및 예금"": 20.6, ""펀드"": 24.3, ""기타"": 24.5}"
152,,"{""주식"": 14.2, ""채권"": 5.7, ""현금 및 예금"": 8.9, ""펀드"": 36.0, ""기타"": 35.3}"
153,,"{""주식"": 16.8, ""채권"": 37.2, ""현금 및 예금"": 3.0, ""펀드"": 4.2, ""기타"": 38.8}"
154,,"{""주식"": 29.6, ""채권"": 25.8, ""현금 및 예금"": 26.5, ""펀드"": 5.7, ""기타"": 12.4}"
155,,"{""주식"": 25.4, ""채권"": 26.6, ""현금 및 예금"": 12.5, ""펀드"": 5.5, ""기타"": 29.9}"
156,,"{""주식"": 20.0, ""채권"": 7.1, ""현금 및 예금"": 28.7, ""펀드"": 32.1, ""기타"": 12.1}"
157,,"{""주식"": 25.5, ""채권"": 28.8, ""현금 및 예금"": 20.4, ""펀드"": 8.1, ""기타"": 17.2}"
158,,"{""주식"": 8.9, ""채권"": 54.4, ""현금 및 예금"": 7.0, ""펀드"": 23.7, ""기타"": 6.1}"
159,,"{""주식"": 16.2, ""채권"": 5.7, ""현금 및 예금"": 0.7, ""펀드"": 42.9, ""기타"": 34.5}"
160,,"{""주식"": 2.4, ""채권"": 37.5, ""현금 및 예금"": 16.6, ""펀드"": 34.3, ""기타"": 9.2}"
161,,"{""주식"": 17.4, ""채권"": 22.2, ""현금 및 예금"": 30.7, ""펀드"": 23.1, ""기타"": 6.6}"
162,,"{""주식"": 29.5, ""채권"": 11.3, ""현금 및 예금"": 7.4, ""펀드"": 21.2, ""기타"": 30.6}"
163,,"{""주식"": 4.4, ""채권"": 12.9, ""현금 및 예금"": 25.2, ""펀드"": 23.2, ""기타"": 34.3}"
164,,"{""주식"": 20.9, ""채권"": 11.3, ""현금 및 예금"": 26.2, ""펀드"": 17.3, ""기타"": 24.3}"
165,,"{""주식"": 26.7, ""채권"": 0.8, ""현금 및 예금"": 35.4, ""펀드"": 18.7, ""기타"": 18.4}"
166,,"{""주식"": 1.2, ""채권"": 11.1, ""현금 및 예금"": 4.3, ""펀드"": 58.8, ""기타"": 24.6}"
167,,"{""주식"": 13.1, ""채권"": 11.9, ""현금 및 예금"": 8.6, ""펀드"": 46.0, ""기타"": 20.3}"
168,,"{""주식"": 2.9, ""채권"": 53.7, ""현금 및 예금"": 18.5, ""펀드"": 17.2, ""기타"": 7.6}"
169,,"{""주식"": 23.1, ""채권"": 7.1, ""현금 및 예금"": 26.6, ""펀드"": 16.5, ""기타"": 26.7}"
170,,"{""주식"": 32.7, ""채권"": 20.4, ""현금 및 예금"": 5.6, ""펀드"": 22.5, ""기타"": 18.8}"
171,,"{""주식"": 22.6, ""채권"": 2.0, ""현금 및 예금"": 25.9, ""펀드"": 39.0, ""기타"": 10.5}"
172,,"{""주식"": 39.5, ""채권"": 25.1, ""현금 및 예금"": 25.8, ""펀드"": 7.0, ""기타"": 2.6}"
173,,"{""주식"": 33.2, ""채권"": 12.7, ""현금 및 예금"": 9.9, ""펀드"": 20.4, ""기타"": 23.8}"
174,,"{""주식"": 25.7, ""채권"": 6.1, ""현금 및 예금"": 34.0, ""펀드"": 22.8, ""기타"": 11.4}"
175,,"{""주식"": 0.6, ""채권"": 28.1, ""현금 및 예금"": 39.7, ""펀드"": 14.4, ""기타"": 17.1}"
176,,"{""주식"": 5.3, ""채권"": 3.4, ""현금 및 예금"": 38.3, ""펀드"": 20.3, ""기타"": 32.6}"
177,,"{""주식"": 16.5, ""채권"": 33.0, ""현금 및 예금"": 5.7, ""펀드"": 12.1, ""기타"": 32.7}"
178,,"{""주식"": 16.6, ""채권"": 25.1, ""현금 및 예금"": 34.7, ""펀드"": 11.3, ""기타"": 12.4}"
179,,"{""주식"": 1.2, ""채권"": 32.0, ""현금 및 예금"": 21.0, ""펀드"": 25.4, ""기타"": 20.5}"
180,,"{""주식"": 33.0, ""채권"": 11.7, ""현금 및 예금"": 12.5, ""펀드"": 5.3, ""기타"": 37.5}"
181,,"{""주식"": 23.1, ""채권"": 2.3, ""현금 및 예금"": 15.6, ""펀드"": 16.6, ""기타"": 42.3}"
182,,"{""주식"": 32.0, ""채권"": 20.7, ""현금 및 예금"": 24.5, ""펀드"": 22.2, ""기타"": 0.6}"
183,,"{""주식"": 12.4, ""채권"": 21.4, ""현금 및 예금"": 17.6, ""펀드"": 14.7, ""기타"": 33.9}"
184,,"{""주식"": 19.3, ""채권"": 8.8, ""현금 및 예금"": 17.7, ""펀드"": 23.5, ""기타"": 30.7}"
185,,"{""주식"": 19.5, ""채권"": 12.3, ""현금 및 예금"": 16.7, ""펀드"": 49.3, ""기타"": 2.2}"
186,,"{""주식"": 4.7, ""채권"": 14.7, ""현금 및 예금"": 15.7, ""펀드"": 31.1, ""기타"": 33.8}"
187,,"{""주식"": 6.6, ""채권"": 8.1, ""현금 및 예금"": 26.9, ""펀드"": 28.9, ""기타"": 29.5}"
188,,"{""주식"": 7.6, ""채권"": 26.8, ""현금 및 예금"": 28.8, ""펀드"": 33.8, ""기타"": 3.0}"
189,,"{""주식"": 27.9, ""채권"": 21.8, ""현금 및 예금"": 16.1, ""펀드"": 10.0, ""기타"": 24.2}"
190,,"{""주식"": 9.3, ""채권"": 2.9, ""현금 및 예금"": 55.7, ""펀드"": 15.2, ""기타"": 17.0}"
191,,"{""주식"": 27.6, ""채권"": 28.8, ""현금 및 예금"": 23.2, ""펀드"": 5.1, ""기타"": 15.3}"
192,,"{""주식"": 14.5, ""채권"": 19.2, ""현금 및 예금"": 6.1, ""펀드"": 38.7, ""기타"": 21.5}"
193,,"{""주식"": 9.1, ""채권"": 29.4, ""현금 및 예금"": 20.3, ""펀드"": 12.1, ""기타"": 29.1}"
194,,"{""주식"": 45.9, ""채권"": 14.4, ""현금 및 예금"": 0.9, ""펀드"": 10.2, ""기타"": 28.6}"
195,,"{""주식"": 0.1, ""채권"": 38.6, ""현금 및 예금"": 31.8, ""펀드"": 2.2, ""기타"": 27.4}"
196,,"{""주식"": 6.2, ""채권"": 21.6, ""현금 및 예금"": 26.1, ""펀드"": 21.8, ""기타"": 24.4}"
197,,"{""주식"": 11.8, ""채권"": 8.2, ""현금 및 예금"": 24.1, ""펀드"": 20.4, ""기타"": 35.6}"
198,,"{""주식"": 2.5, ""채권"": 4.8, ""현금 및 예금"": 27.0, ""펀드"": 33.0, ""기타"": 32.8}"
199,,"{""주식"": 23.5, ""채권"": 21.5, ""현금 및 예금"": 12.1, ""펀드"": 11.5, ""기타"": 31.5}"
200,,"{""주식"": 12.0, ""채권"": 15.1, ""현금 및 예금"": 42.0, ""펀드"": 15.4, ""기타"": 15.5}"
201,,"{""주식"": 30.5, ""채권"": 2.9, ""현금 및 예금"": 45.8, ""펀드"": 7.9, ""기타"": 12.9}"
202,,"{""주식"": 24.7, ""채권"": 32.1, ""현금 및 예금"": 15.8, ""펀드"": 10.8, ""기타"": 16.5}"
203,,"{""주식"": 23.6, ""채권"": 7.0, ""현금 및 예금"": 20.7, ""펀드"": 23.3, ""기타"": 25.4}"
204,,"{""주식"": 22.7, ""채권"": 20.9, ""현금 및 예금"": 26.8, ""펀드"": 6.5, ""기타"": 23.1}"
205,,"{""주식"": 16.8, ""채권"": 10.9, ""현금 및 예금"": 20.9, ""펀드"": 32.1, ""기타"": 19.3}"
206,,"{""주식"": 0.0, ""채권"": 24.5, ""현금 및 예금"": 30.7, ""펀드"": 36.0, ""기타"": 8.9}"
207,,"{""주식"": 24.9, ""채권"": 33.8, ""현금 및 예금"": 25.6, ""펀드"": 12.0, ""기타"": 3.8}"
208,,"{""주식"": 20.5, ""채권"": 20.7, ""현금 및 예금"": 14.5, ""펀드"": 19.1, ""기타"": 25.1}"
209,,"{""주식"": 5.4, ""채권"": 28.8, ""현금 및 예금"": 16.4, ""펀드"": 26.8, ""기타"": 22.6}"
210,,"{""주식"": 17.6, ""채권"": 26.6, ""현금 및 예금"": 8.6, ""펀드"": 26.5, ""기타"": 20.7}"
211,,"{""주식"": 29.2, ""채권"": 13.7, ""현금 및 예금"": 23.2, ""펀드"": 22.3, ""기타"": 11.6}"
212,,"{""주식"": 14.7, ""채권"": 26.0, ""현금 및 예금"": 33.7, ""펀드"": 23.5, ""기타"": 2.1}"
213,,"{""주식"": 20.3, ""채권"": 38.7, ""현금 및 예금"": 5.7, ""펀드"": 28.1, ""기타"": 7.2}"
214,,"{""주식"": 18.2, ""채권"": 8.9, ""현금 및 예금"": 28.8, ""펀드"": 22.8, ""기타"": 21.3}"
215,,"{""주식"": 17.6, ""채권"": 7.4, ""현금 및 예금"": 33.1, ""펀드"": 16.3, ""기타"": 25.6}"
216,,"{""주식"": 27.0, ""채권"": 4.7, ""현금 및 예금"": 30.2, ""펀드"": 25.0, ""기타"": 13.0}"
217,,"{""주식"": 4.7, ""채권"": 32.3, ""현금 및 예금"": 23.5, ""펀드"": 30.4, ""기타"": 9.1}"
218,,"{""주식"": 32.0, ""채권"": 18.6, ""현금 및 예금"": 29.3, ""펀드"": 15.5, ""기타"": 4.7}"
219,,"{""주식"": 16.8, ""채권"": 33.7, ""현금 및 예금"": 10.2, ""펀드"": 20.8, ""기타"": 18.4}"
220,,"{""주식"": 29.9, ""채권"": 23.8, ""현금 및 예금"": 12.6, ""펀드"": 16.1, ""기타"": 17.6}"
221,,"{""주식"": 10.5, ""채권"": 6.0, ""현금 및 예금"": 31.9, ""펀드"": 18.7, ""기타"": 32.9}"
222,,"{""주식"": 18.0, ""채권"": 48.8, ""현금 및 예금"": 2.2, ""펀드"": 12.8, ""기타"": 18.3}"
223,,"{""주식"": 12.4, ""채권"": 49.9, ""현금 및 예금"": 18.1, ""펀드"": 3.6, ""기타"": 16.0}"
224,,"{""주식"": 21.6, ""채권"": 24.2, ""현금 및 예금"": 22.7, ""펀드"": 18.5, ""기타"": 13.0}"
225,,"{""주식"": 26.7, ""채권"": 23.0, ""현금 및 예금"": 8.9, ""펀드"": 13.1, ""기타"": 28.3}"
226,,"{""주식"": 14.9, ""채권"": 38.5, ""현금 및 예금"": 2.3, ""펀드"": 9.4, ""기타"": 34.9}"
227,,"{""주식"": 11.2, ""채권"": 4.4, ""현금 및 예금"": 3.0, ""펀드"": 22.5, ""기타"": 58.9}"
228,,"{""주식"": 4.7, ""채권"": 5.8, ""현금 및 예금"": 2.2, ""펀드"": 47.8, ""기타"": 39.5}"
229,,"{""주식"": 17.4, ""채권"": 19.4, ""현금 및 예금"": 26.2, ""펀드"": 23.9, ""기타"": 13.2}"
230,,"{""주식"": 22.8, ""채권"": 25.5, ""현금 및 예금"": 13.6, ""펀드"": 12.9, ""기타"": 25.2}"
231,,"{""주식"": 12.1, ""채권"": 32.2, ""현금 및 예금"": 13.5, ""펀드"": 10.9, ""기타"": 31.4}"
232,,"{""주식"": 27.2, ""채권"": 15.3, ""현금 및 예금"": 39.0, ""펀드"": 1.5, ""기타"": 16.9}"
233,,"{""주식"": 23.9, ""채권"": 6.1, ""현금 및 예금"": 18.3, ""펀드"": 18.1, ""기타"": 33.7}"
234,,"{""주식"": 23.2, ""채권"": 11.4, ""현금 및 예금"": 40.7, ""펀드"": 4.0, ""기타"": 20.7}"
235,,"{""주식"": 17.3, ""채권"": 28.8, ""현금 및 예금"": 10.7, ""펀드"": 14.3, ""기타"": 28.8}"
236,,"{""주식"": 35.0, ""채권"": 14.6, ""현금 및 예금"": 18.7, ""펀드"": 8.5, ""기타"": 23.2}"
237,,"{""주식"": 38.9, ""채권"": 24.7, ""현금 및 예금"": 18.9, ""펀드"": 7.1, ""기타"": 10.3}"
238,,"{""주식"": 31.9, ""채권"": 15.5, ""현금 및 예금"": 21.2, ""펀드"": 20.1, ""기타"": 11.3}"
239,,"{""주식"": 1.1, ""채권"": 33.6, ""현금 및 예금"": 26.2, ""펀드"": 14.4, ""기타"": 24.7}"
240,,"{""주식"": 18.9, ""채권"": 19.5, ""현금 및 예금"": 28.1, ""펀드"": 12.4, ""기타"": 21.1}"
241,,"{""주식"": 16.6, ""채권"": 5.9, ""현금 및 예금"": 23.8, ""펀드"": 27.0, ""기타"": 26.7}"
242,,"{""주식"": 11.7, ""채권"": 23.6, ""현금 및 예금"": 17.0, ""펀드"": 30.2, ""기타"": 17.5}"
243,,"{""주식"": 8.4, ""채권"": 22.5, ""현금 및 예금"": 22.1, ""펀드"": 24.8, ""기타"": 22.2}"
244,,"{""주식"": 50.2, ""채권"": 26.3, ""현금 및 예금"": 16.7, ""펀드"": 4.0, ""기타"": 2.8}"
245,,"{""주식"": 12.7, ""채권"": 30.6, ""현금 및 예금"": 12.1, ""펀드"": 9.0, ""기타"": 35.6}"
246,,"{""주식"": 5.0, ""채권"": 20.9, ""현금 및 예금"": 29.1, ""펀드"": 28.9, ""기타"": 16.1}"
247,,"{""주식"": 15.4, ""채권"": 28.3, ""현금 및 예금"": 28.7, ""펀드"": 27.0, ""기타"": 0.6}"
248,,"{""주식"": 1.3, ""채권"": 35.7, ""현금 및 예금"": 21.8, ""펀드"": 19.4, ""기타"": 21.8}"
249,,"{""주식"": 22.0, ""채권"": 13.7, ""현금 및 예금"": 12.4, ""펀드"": 50.4, ""기타"": 1.4}"
250,,"{""주식"": 20.4, ""채권"": 18.2, ""현금 및 예금"": 22.5, ""펀드"": 11.3, ""기타"": 27.7}"
251,,"{""주식"": 25.3, ""채권"": 26.0, ""현금 및 예금"": 19.2, ""펀드"": 2.8, ""기타"": 26.8}"
252,,"{""주식"": 24.7, ""채권"": 21.4, ""현금 및 예금"": 2.0, ""펀드"": 30.2, ""기타"": 21.8}"
253,,"{""주식"": 19.6, ""채권"": 27.1, ""현금 및 예금"": 2.0, ""펀드"": 3.7, ""기타"": 47.6}"
254,,"{""주식"": 18.7, ""채권"": 24.9, ""현금 및 예금"": 28.9, ""펀드"": 15.5, ""기타"": 12.1}"
255,,"{""주식"": 11.1, ""채권"": 2.6, ""현금 및 예금"": 30.0, ""펀드"": 20.7, ""기타"": 35.5}"
256,,"{""주식"": 20.1, ""채권"": 16.1, ""현금 및 예금"": 42.3, ""펀드"": 4.4, ""기타"": 17.1}"
257,,"{""주식"": 26.0, ""채권"": 37.9, ""현금 및 예금"": 8.7, ""펀드"": 7.3, ""기타"": 20.1}"
258,,"{""주식"": 25.1, ""채권"": 3.9, ""현금 및 예금"": 45.7, ""펀드"": 19.0, ""기타"": 6.3}"
259,,"{""주식"": 41.8, ""채권"": 2.8, ""현금 및 예금"": 6.2, ""펀드"": 8.4, ""기타"": 40.9}"
260,,"{""주식"": 27.0, ""채권"": 17.7, ""현금 및 예금"": 15.1, ""펀드"": 13.0, ""기타"": 27.2}"
261,,"{""주식"": 9.4, ""채권"": 4.6, ""현금 및 예금"": 27.2, ""펀드"": 32.5, ""기타"": 26.3}"
262,,"{""주식"": 17.9, ""채권"": 7.1, ""현금 및 예금"": 32.9, ""펀드"": 32.2, ""기타"": 9.8}"
263,,"{""주식"": 22.8, ""채권"": 12.4, ""현금 및 예금"": 9.5, ""펀드"": 29.6, ""기타"": 25.8}"
264,,"{""주식"": 27.2, ""채권"": 32.2, ""현금 및 예금"": 25.5, ""펀드"": 6.7, ""기타"": 8.4}"
265,,"{""주식"": 37.9, ""채권"": 4.3, ""현금 및 예금"": 0.2, ""펀드"": 22.0, ""기타"": 35.6}"
266,,"{""주식"": 18.1, ""채권"": 23.5, ""현금 및 예금"": 21.6, ""펀드"": 16.1, ""기타"": 20.7}"
267,,"{""주식"": 18.6, ""채권"": 42.1, ""현금 및 예금"": 4.4, ""펀드"": 6.7, ""기타"": 28.2}"
268,,"{""주식"": 36.1, ""채권"": 1.1, ""현금 및 예금"": 27.6, ""펀드"": 7.1, ""기타"": 28.1}"
269,,"{""주식"": 27.0, ""채권"": 11.2, ""현금 및 예금"": 30.9, ""펀드"": 15.9, ""기타"": 15.1}"
270,,"{""주식"": 21.8, ""채권"": 39.1, ""현금 및 예금"": 2.1, ""펀드"": 25.2, ""기타"": 11.8}"
271,,"{""주식"": 15.8, ""채권"": 3.1, ""현금 및 예금"": 22.5, ""펀드"": 31.9, ""기타"": 26.7}"
272,,"{""주식"": 25.0, ""채권"": 19.3, ""현금 및 예금"": 4.6, ""펀드"": 12.1, ""기타"": 39.1}"
273,,"{""주식"": 16.4, ""채권"": 4.7, ""현금 및 예금"": 41.8, ""펀드"": 9.2, ""기타"": 27.8}"
274,,"{""주식"": 13.1, ""채권"": 9.5, ""현금 및 예금"": 11.5, ""펀드"": 27.0, ""기타"": 38.9}"
275,,"{""주식"": 29.1, ""채권"": 21.4, ""현금 및 예금"": 16.3, ""펀드"": 31.5, ""기타"": 1.7}"
276,,"{""주식"": 35.2, ""채권"": 6.2, ""현금 및 예금"": 47.3, ""펀드"": 4.0, ""기타"": 7.3}"
277,,"{""주식"": 20.9, ""채권"": 14.7, ""현금 및 예금"": 30.9, ""펀드"": 0.4, ""기타"": 33.1}"
278,,"{""주식"": 9.3, ""채권"": 41.9, ""현금 및 예금"": 11.6, ""펀드"": 30.2, ""기타"": 7.0}"
279,,"{""주식"": 25.3, ""채권"": 22.1, ""현금 및 예금"": 23.2, ""펀드"": 3.7, ""기타"": 25.7}"
280,,"{""주식"": 22.1, ""채권"": 23.0, ""현금 및 예금"": 32.8, ""펀드"": 12.7, ""기타"": 9.3}"
281,,"{""주식"": 34.8, ""채권"": 24.2, ""현금 및 예금"": 19.9, ""펀드"": 15.8, ""기타"": 5.3}"
282,,"{""주식"": 3.0, ""채권"": 35.1, ""현금 및 예금"": 2.4, ""펀드"": 27.4, ""기타"": 32.1}"
283,,"{""주식"": 19.8, ""채권"": 29.0, ""현금 및 예금"": 12.2, ""펀드"": 29.8, ""기타"": 9.3}"
284,,"{""주식"": 17.3, ""채권"": 17.3, ""현금 및 예금"": 40.6, ""펀드"": 3.2, ""기타"": 21.6}"
285,,"{""주식"": 26.2, ""채권"": 11.8, ""현금 및 예금"": 29.8, ""펀드"": 30.4, ""기타"": 1.8}"
286,,"{""주식"": 27.9, ""채권"": 30.1, ""현금 및 예금"": 4.6, ""펀드"": 29.1, ""기타"": 8.3}"
287,,"{""주식"": 8.4, ""채권"": 40.4, ""현금 및 예금"": 5.8, ""펀드"": 24.3, ""기타"": 21.1}"
288,,"{""주식"": 1.9, ""채권"": 27.6, ""현금 및 예금"": 12.6, ""펀드"": 34.1, ""기타"": 23.9}"
289,,"{""주식"": 30.0, ""채권"": 4.9, ""현금 및 예금"": 4.0, ""펀드"": 22.2, ""기타"": 39.0}"
290,,"{""주식"": 15.1, ""채권"": 6.3, ""현금 및 예금"": 38.1, ""펀드"": 1.2, ""기타"": 39.3}"
291,,"{""주식"": 10.0, ""채권"": 27.8, ""현금 및 예금"": 26.0, ""펀드"": 7.2, ""기타"": 28.9}"
292,,"{""주식"": 37.7, ""채권"": 31.9, ""현금 및 예금"": 18.1, ""펀드"": 7.2, ""기타"": 5.1}"
293,,"{""주식"": 1.6, ""채권"": 17.6, ""현금 및 예금"": 26.2, ""펀드"": 34.2, ""기타"": 20.4}"
294,,"{""주식"": 5.3, ""채권"": 22.7, ""현금 및 예금"": 1.3, ""펀드"": 20.6, ""기타"": 50.1}"
295,,"{""주식"": 32.3, ""채권"": 1.1, ""현금 및 예금"": 25.7, ""펀드"": 4.7, ""기타"": 36.2}"
296,,"{""주식"": 32.3, ""채권"": 31.6, ""현금 및 예금"": 9.1, ""펀드"": 2.2, ""기타"": 24.9}"
297,,"{""주식"": 31.9, ""채권"": 7.0, ""현금 및 예금"": 5.5, ""펀드"": 32.2, ""기타"": 23.4}"
298,,"{""주식"": 33.8, ""채권"": 21.1, ""현금 및 예금"": 4.6, ""펀드"": 11.4, ""기타"": 29.0}"
299,,"{""주식"": 23.5, ""채권"": 23.9, ""현금 및 예금"": 4.4, ""펀드"": 33.6, ""기타"": 14.7}"
300,,"{""주식"": 21.5, ""채권"": 15.8, ""현금 및 예금"": 25.6, ""펀드"": 11.4, ""기타"": 25.7}"
301,,"{""주식"": 30.3, ""채권"": 14.0, ""현금 및 예금"": 18.8, ""펀드"": 22.9, ""기타"": 14.0}"
302,,"{""주식"": 17.1, ""채권"": 4.5, ""현금 및 예금"": 27.6, ""펀드"": 27.6, ""기타"": 23.2}"
303,,"{""주식"": 0.2, ""채권"": 42.3, ""현금 및 예금"": 20.1, ""펀드"": 24.1, ""기타"": 13.3}"
304,,"{""주식"": 12.5, ""채권"": 10.3, ""현금 및 예금"": 32.7, ""펀드"": 4.8, ""기타"": 39.7}"
305,,"{""주식"": 3.2, ""채권"": 35.6, ""현금 및 예금"": 21.8, ""펀드"": 29.9, ""기타"": 9.5}"
306,,"{""주식"": 8.4, ""채권"": 28.9, ""현금 및 예금"": 36.4, ""펀드"": 26.1, ""기타"": 0.2}"
307,,"{""주식"": 11.5, ""채권"": 17.2, ""현금 및 예금"": 28.3, ""펀드"": 14.8, ""기타"": 28.2}"
308,,"{""주식"": 20.4, ""채권"": 39.4, ""현금 및 예금"": 16.7, ""펀드"": 22.5, ""기타"": 1.0}"
309,,"{""주식"": 24.0, ""채권"": 24.2, ""현금 및 예금"": 16.7, ""펀드"": 9.3, ""기타"": 25.7}"
310,,"{""주식"": 27.4, ""채권"": 9.5, ""현금 및 예금"": 15.8, ""펀드"": 22.7, ""기타"": 24.6}"
311,,"{""주식"": 12.2, ""채권"": 31.2, ""현금 및 예금"": 15.7, ""펀드"": 4.4, ""기타"": 36.5}"
312,,"{""주식"": 30.9, ""채권"": 23.2, ""현금 및 예금"": 11.2, ""펀드"": 3.6, ""기타"": 31.1}"
313,,"{""주식"": 0.5, ""채권"": 43.6, ""현금 및 예금"": 10.5, ""펀드"": 7.2, ""기타"": 38.1}"
314,,"{""주식"": 11.1, ""채권"": 8.3, ""현금 및 예금"": 19.9, ""펀드"": 27.0, ""기타"": 33.8}"
315,,"{""주식"": 34.5, ""채권"": 10.8, ""현금 및 예금"": 19.1, ""펀드"": 8.6, ""기타"": 26.9}"
316,,"{""주식"": 30.7, ""채권"": 0.9, ""현금 및 예금"": 9.2, ""펀드"": 21.6, ""기타"": 37.6}"
317,,"{""주식"": 23.0, ""채권"": 29.6, ""현금 및 예금"": 12.3, ""펀드"": 6.1, ""기타"": 29.0}"
318,,"{""주식"": 23.9, ""채권"": 7.2, ""현금 및 예금"": 24.2, ""펀드"": 19.2, ""기타"": 25.5}"
319,,"{""주식"": 28.3, ""채권"": 33.5, ""현금 및 예금"": 14.7, ""펀드"": 6.3, ""기타"": 17.3}"
320,,"{""주식"": 0.7, ""채권"": 29.3, ""현금 및 예금"": 19.7, ""펀드"": 1.2, ""기타"": 49.1}"
321,,"{""주식"": 31.3, ""채권"": 18.9, ""현금 및 예금"": 21.5, ""펀드"": 16.3, ""기타"": 11.9}"
322,,"{""주식"": 18.3, ""채권"": 10.6, ""현금 및 예금"": 7.3, ""펀드"": 35.0, ""기타"": 28.9}"
323,,"{""주식"": 31.7, ""채권"": 9.7, ""현금 및 예금"": 27.3, ""펀드"": 13.0, ""기타"": 18.3}"
324,,"{""주식"": 40.8, ""채권"": 8.9, ""현금 및 예금"": 11.4, ""펀드"": 6.8, ""기타"": 32.0}"
325,,"{""주식"": 14.0, ""채권"": 26.7, ""현금 및 예금"": 17.3, ""펀드"": 9.2, ""기타"": 32.9}"
326,,"{""주식"": 29.8, ""채권"": 21.7, ""현금 및 예금"": 3.2, ""펀드"": 27.5, ""기타"": 17.8}"
327,,"{""주식"": 19.1, ""채권"": 1.5, ""현금 및 예금"": 27.7, ""펀드"": 18.6, ""기타"": 33.0}"
328,,"{""주식"": 27.0, ""채권"": 30.3, ""현금 및 예금"": 12.4, ""펀드"": 11.2, ""기타"": 19.1}"
329,,"{""주식"": 1.5, ""채권"": 23.4, ""현금 및 예금"": 18.9, ""펀드"": 34.3, ""기타"": 22.0}"
330,,"{""주식"": 16.7, ""채권"": 28.8, ""현금 및 예금"": 22.7, ""펀드"": 20.9, ""기타"": 10.9}"
331,,"{""주식"": 28.0, ""채권"": 9.2, ""현금 및 예금"": 23.7, ""펀드"": 16.3, ""기타"": 22.8}"
332,,"{""주식"": 4.3, ""채권"": 27.9, ""현금 및 예금"": 12.4, ""펀드"": 27.6, ""기타"": 27.7}"
333,,"{""주식"": 21.1, ""채권"": 15.8, ""현금 및 예금"": 27.0, ""펀드"": 12.2, ""기타"": 23.9}"
334,,"{""주식"": 38.1, ""채권"": 4.2, ""현금 및 예금"": 3.5, ""펀드"": 15.9, ""기타"": 38.3}"
335,,"{""주식"": 36.4, ""채권"": 26.3, ""현금 및 예금"": 3.6, ""펀드"": 28.7, ""기타"": 4.9}"
336,,"{""주식"": 8.7, ""채권"": 3.9, ""현금 및 예금"": 6.3, ""펀드"": 49.7, ""기타"": 31.4}"
337,,"{""주식"": 29.5, ""채권"": 28.3, ""현금 및 예금"": 17.1, ""펀드"": 18.8, ""기타"": 6.3}"
338,,"{""주식"": 4.1, ""채권"": 2.1, ""현금 및 예금"": 40.7, ""펀드"": 38.2, ""기타"": 15.0}"
339,,"{""주식"": 2.1, ""채권"": 13.1, ""현금 및 예금"": 8.6, ""펀드"": 40.9, ""기타"": 35.3}"
340,,"{""주식"": 29.9, ""채권"": 26.1, ""현금 및 예금"": 13.3, ""펀드"": 1.3, ""기타"": 29.4}"
341,,"{""주식"": 8.6, ""채권"": 3.3, ""현금 및 예금"": 25.7, ""펀드"": 1.6, ""기타"": 60.8}"
342,,"{""주식"": 10.2, ""채권"": 14.9, ""현금 및 예금"": 30.1, ""펀드"": 32.0, ""기타"": 12.8}"
343,,"{""주식"": 26.0, ""채권"": 14.6, ""현금 및 예금"": 10.5, ""펀드"": 22.7, ""기타"": 26.2}"
344,,"{""주식"": 21.0, ""채권"": 37.5, ""현금 및 예금"": 19.7, ""펀드"": 10.4, ""기타"": 11.4}"
345,,"{""주식"": 20.5, ""채권"": 17.3, ""현금 및 예금"": 24.2, ""펀드"": 34.7, ""기타"": 3.4}"
346,,"{""주식"": 22.5, ""채권"": 18.0, ""현금 및 예금"": 16.7, ""펀드"": 18.0, ""기타"": 24.7}"
347,,"{""주식"": 1.0, ""채권"": 9.5, ""현금 및 예금"": 35.8, ""펀드"": 21.8, ""기타"": 31.9}"
348,,"{""주식"": 40.3, ""채권"": 24.5, ""현금 및 예금"": 6.4, ""펀드"": 27.8, ""기타"": 1.0}"
349,,"{""주식"": 6.9, ""채권"": 47.0, ""현금 및 예금"": 28.4, ""펀드"": 10.5, ""기타"": 7.2}"
350,,"{""주식"": 30.7, ""채권"": 27.5, ""현금 및 예금"": 18.5, ""펀드"": 8.9, ""기타"": 14.4}"
351,,"{""주식"": 13.7, ""채권"": 33.7, ""현금 및 예금"": 16.4, ""펀드"": 10.1, ""기타"": 26.1}"
352,,"{""주식"": 36.8, ""채권"": 17.2, ""현금 및 예금"": 28.8, ""펀드"": 9.6, ""기타"": 7.6}"
353,,"{""주식"": 23.7, ""채권"": 12.0, ""현금 및 예금"": 24.6, ""펀드"": 38.3, ""기타"": 1.5}"
354,,"{""주식"": 2.3, ""채권"": 12.4, ""현금 및 예금"": 53.7, ""펀드"": 19.7, ""기타"": 11.9}"
355,,"{""주식"": 14.9, ""채권"": 26.0, ""현금 및 예금"": 18.3, ""펀드"": 23.8, ""기타"": 16.9}"
356,,"{""주식"": 33.8, ""채권"": 34.1, ""현금 및 예금"": 18.1, ""펀드"": 7.5, ""기타"": 6.5}"
357,,"{""주식"": 49.3, ""채권"": 3.1, ""현금 및 예금"": 9.8, ""펀드"": 10.3, ""기타"": 27.5}"
358,,"{""주식"": 23.6, ""채권"": 6.6, ""현금 및 예금"": 3.1, ""펀드"": 31.8, ""기타"": 34.9}"
359,,"{""주식"": 27.7, ""채권"": 34.6, ""현금 및 예금"": 2.4, ""펀드"": 13.8, ""기타"": 21.5}"
360,,"{""주식"": 11.5, ""채권"": 25.9, ""현금 및 예금"": 22.0, ""펀드"": 15.2, ""기타"": 25.4}"
361,,"{""주식"": 13.1, ""채권"": 18.3, ""현금 및 예금"": 18.6, ""펀드"": 23.4, ""기타"": 26.5}"
362,,"{""주식"": 5.9, ""채권"": 39.3, ""현금 및 예금"": 26.9, ""펀드"": 20.5, ""기타"": 7.4}"
363,,"{""주식"": 32.0, ""채권"": 15.7, ""현금 및 예금"": 27.8, ""펀드"": 22.1, ""기타"": 2.3}"
364,,"{""주식"": 37.3, ""채권"": 3.3, ""현금 및 예금"": 16.6, ""펀드"": 22.9, ""기타"": 19.8}"
365,,"{""주식"": 20.3, ""채권"": 28.8, ""현금 및 예금"": 24.3, ""펀드"": 24.4, ""기타"": 2.2}"
366,,"{""주식"": 4.1, ""채권"": 19.7, ""현금 및 예금"": 6.8, ""펀드"": 27.1, ""기타"": 42.3}"
367,,"{""주식"": 13.2, ""채권"": 20.8, ""현금 및 예금"": 17.3, ""펀드"": 24.8, ""기타"": 23.9}"
368,,"{""주식"": 26.6, ""채권"": 28.7, ""현금 및 예금"": 4.3, ""펀드"": 11.1, ""기타"": 29.3}"
369,,"{""주식"": 10.4, ""채권"": 26.4, ""현금 및 예금"": 20.4, ""펀드"": 24.2, ""기타"": 18.6}"
370,,"{""주식"": 17.6, ""채권"": 45.1, ""현금 및 예금"": 20.3, ""펀드"": 3.6, ""기타"": 13.4}"
371,,"{""주식"": 6.4, ""채권"": 24.2, ""현금 및 예금"": 14.7, ""펀드"": 23.5, ""기타"": 31.1}"
372,,"{""주식"": 12.9, ""채권"": 13.5, ""현금 및 예금"": 16.8, ""펀드"": 21.1, ""기타"": 35.7}"
373,,"{""주식"": 35.7, ""채권"": 7.0, ""현금 및 예금"": 1.4, ""펀드"": 34.9, ""기타"": 21.0}"
374,,"{""주식"": 38.5, ""채권"": 11.8, ""현금 및 예금"": 22.4, ""펀드"": 8.7, ""기타"": 18.5}"
375,,"{""주식"": 32.7, ""채권"": 32.6, ""현금 및 예금"": 6.3, ""펀드"": 2.9, ""기타"": 25.5}"
376,,"{""주식"": 18.0, ""채권"": 27.3, ""현금 및 예금"": 8.1, ""펀드"": 27.9, ""기타"": 18.6}"
377,,"{""주식"": 36.3, ""채권"": 7.0, ""현금 및 예금"": 21.1, ""펀드"": 13.5, ""기타"": 22.1}"
378,,"{""주식"": 2.5, ""채권"": 0.4, ""현금 및 예금"": 55.0, ""펀드"": 12.2, ""기타"": 29.9}"
379,,"{""주식"": 26.6, ""채권"": 15.4, ""현금 및 예금"": 24.6, ""펀드"": 32.6, ""기타"": 0.9}"
380,,"{""주식"": 4.5, ""채권"": 1.4, ""현금 및 예금"": 42.0, ""펀드"": 40.6, ""기타"": 11.4}"
381,,"{""주식"": 9.7, ""채권"": 13.9, ""현금 및 예금"": 36.1, ""펀드"": 17.3, ""기타"": 23.1}"
382,,"{""주식"": 49.7, ""채권"": 10.9, ""현금 및 예금"": 3.2, ""펀드"": 3.8, ""기타"": 32.4}"
383,,"{""주식"": 32.9, ""채권"": 16.4, ""현금 및 예금"": 10.0, ""펀드"": 29.8, ""기타"": 10.9}"
384,,"{""주식"": 20.1, ""채권"": 34.0, ""현금 및 예금"": 5.1, ""펀드"": 35.9, ""기타"": 4.9}"
385,,"{""주식"": 3.8, ""채권"": 15.7, ""현금 및 예금"": 9.0, ""펀드"": 36.8, ""기타"": 34.8}"
386,,"{""주식"": 45.6, ""채권"": 0.0, ""현금 및 예금"": 3.3, ""펀드"": 41.6, ""기타"": 9.4}"
387,,"{""주식"": 11.6, ""채권"": 6.5, ""현금 및 예금"": 31.8, ""펀드"": 20.1, ""기타"": 30.0}"
388,,"{""주식"": 13.1, ""채권"": 22.6, ""현금 및 예금"": 25.5, ""펀드"": 31.5, ""기타"": 7.4}"
389,,"{""주식"": 21.4, ""채권"": 13.4, ""현금 및 예금"": 12.8, ""펀드"": 30.2, ""기타"": 22.2}"
390,,"{""주식"": 18.0, ""채권"": 22.1, ""현금 및 예금"": 3.3, ""펀드"": 29.7, ""기타"": 26.9}"
391,,"{""주식"": 37.5, ""채권"": 2.6, ""현금 및 예금"": 12.9, ""펀드"": 14.3, ""기타"": 32.8}"
392,,"{""주식"": 39.5, ""채권"": 2.1, ""현금 및 예금"": 7.6, ""펀드"": 43.2, ""기타"": 7.6}"
393,,"{""주식"": 27.1, ""채권"": 16.6, ""현금 및 예금"": 13.1, ""펀드"": 11.2, ""기타"": 32.2}"
394,,"{""주식"": 37.2, ""채권"": 34.0, ""현금 및 예금"": 8.3, ""펀드"": 19.1, ""기타"": 1.4}"
395,,"{""주식"": 28.9, ""채권"": 35.3, ""현금 및 예금"": 19.4, ""펀드"": 7.4, ""기타"": 9.2}"
396,,"{""주식"": 29.6, ""채권"": 17.1, ""현금 및 예금"": 12.8, ""펀드"": 29.3, ""기타"": 11.2}"
397,,"{""주식"": 23.6, ""채권"": 19.5, ""현금 및 예금"": 30.6, ""펀드"": 22.5, ""기타"": 3.8}"
398,,"{""주식"": 10.4, ""채권"": 17.5, ""현금 및 예금"": 30.6, ""펀드"": 7.0, ""기타"": 34.5}"
399,,"{""주식"": 55.7, ""채권"": 25.4, ""현금 및 예금"": 11.3, ""펀드"": 2.9, ""기타"": 4.6}"
400,,"{""주식"": 4.7, ""채권"": 13.2, ""현금 및 예금"": 29.4, ""펀드"": 27.9, ""기타"": 24.8}"
401,,"{""주식"": 38.0, ""채권"": 19.0, ""현금 및 예금"": 4.6, ""펀드"": 21.6, ""기타"": 16.8}"
402,,"{""주식"": 15.6, ""채권"": 9.3, ""현금 및 예금"": 33.1, ""펀드"": 16.0, ""기타"": 26.0}"
403,,"{""주식"": 4.5, ""채권"": 3.7, ""현금 및 예금"": 12.1, ""펀드"": 49.6, ""기타"": 30.1}"
404,,"{""주식"": 36.2, ""채권"": 17.6, ""현금 및 예금"": 2.9, ""펀드"": 19.8, ""기타"": 23.5}"
405,,"{""주식"": 37.7, ""채권"": 28.8, ""현금 및 예금"": 17.7, ""펀드"": 8.5, ""기타"": 7.3}"
406,,"{""주식"": 16.4, ""채권"": 3.8, ""현금 및 예금"": 31.1, ""펀드"": 26.2, ""기타"": 22.4}"
407,,"{""주식"": 17.3, ""채권"": 19.8, ""현금 및 예금"": 21.1, ""펀드"": 21.7, ""기타"": 20.1}"
408,,"{""주식"": 19.3, ""채권"": 10.6, ""현금 및 예금"": 33.2, ""펀드"": 31.8, ""기타"": 5.0}"
409,,"{""주식"": 19.5, ""채권"": 7.0, ""현금 및 예금"": 31.8, ""펀드"": 27.2, ""기타"": 14.5}"
410,,"{""주식"": 4.6, ""채권"": 20.0, ""현금 및 예금"": 35.6, ""펀드"": 5.9, ""기타"": 33.9}"
411,,"{""주식"": 39.7, ""채권"": 1.4, ""현금 및 예금"": 56.4, ""펀드"": 1.0, ""기타"": 1.4}"
412,,"{""주식"": 11.5, ""채권"": 12.6, ""현금 및 예금"": 24.7, ""펀드"": 30.8, ""기타"": 20.3}"
413,,"{""주식"": 21.5, ""채권"": 21.4, ""현금 및 예금"": 16.0, ""펀드"": 21.8, ""기타"": 19.3}"
414,,"{""주식"": 11.2, ""채권"": 25.5, ""현금 및 예금"": 12.4, ""펀드"": 23.5, ""기타"": 27.4}"
415,,"{""주식"": 32.7, ""채권"": 32.1, ""현금 및 예금"": 8.4, ""펀드"": 6.9, ""기타"": 20.0}"
416,,"{""주식"": 40.1, ""채권"": 8.6, ""현금 및 예금"": 19.4, ""펀드"": 5.9, ""기타"": 25.9}"
417,,"{""주식"": 0.1, ""채권"": 8.3, ""현금 및 예금"": 29.4, ""펀드"": 32.8, ""기타"": 29.4}"
418,,"{""주식"": 12.1, ""채권"": 29.0, ""현금 및 예금"": 0.7, ""펀드"": 31.9, ""기타"": 26.3}"
419,,"{""주식"": 23.2, ""채권"": 5.5, ""현금 및 예금"": 34.1, ""펀드"": 6.2, ""기타"": 31.0}"
420,,"{""주식"": 0.3, ""채권"": 12.0, ""현금 및 예금"": 18.9, ""펀드"": 32.5, ""기타"": 36.3}"
421,,"{""주식"": 1.2, ""채권"": 30.2, ""현금 및 예금"": 18.6, ""펀드"": 0.4, ""기타"": 49.6}"
422,,"{""주식"": 25.9, ""채권"": 26.7, ""현금 및 예금"": 17.7, ""펀드"": 29.3, ""기타"": 0.3}"
423,,"{""주식"": 29.2, ""채권"": 2.0, ""현금 및 예금"": 22.0, ""펀드"": 33.2, ""기타"": 13.6}"
424,,"{""주식"": 28.0, ""채권"": 42.3, ""현금 및 예금"": 5.5, ""펀드"": 5.9, ""기타"": 18.4}"
425,,"{""주식"": 15.4, ""채권"": 11.0, ""현금 및 예금"": 21.7, ""펀드"": 18.1, ""기타"": 33.7}"
426,,"{""주식"": 16.0, ""채권"": 19.8, ""현금 및 예금"": 14.6, ""펀드"": 33.1, ""기타"": 16.5}"
427,,"{""주식"": 29.9, ""채권"": 13.7, ""현금 및 예금"": 12.4, ""펀드"": 17.0, ""기타"": 27.1}"
428,,"{""주식"": 28.5, ""채권"": 12.4, ""현금 및 예금"": 2.1, ""펀드"": 21.6, ""기타"": 35.5}"
429,,"{""주식"": 24.0, ""채권"": 38.2, ""현금 및 예금"": 2.5, ""펀드"": 18.3, ""기타"": 16.9}"
430,,"{""주식"": 0.1, ""채권"": 30.2, ""현금 및 예금"": 15.9, ""펀드"": 25.5, ""기타"": 28.3}"
431,,"{""주식"": 33.5, ""채권"": 16.2, ""현금 및 예금"": 21.3, ""펀드"": 23.0, ""기타"": 6.0}"
432,,"{""주식"": 22.9, ""채권"": 3.8, ""현금 및 예금"": 18.1, ""펀드"": 14.4, ""기타"": 40.9}"
433,,"{""주식"": 11.6, ""채권"": 13.9, ""현금 및 예금"": 11.1, ""펀드"": 32.2, ""기타"": 31.2}"
434,,"{""주식"": 6.1, ""채권"": 0.2, ""현금 및 예금"": 1.6, ""펀드"": 45.4, ""기타"": 46.8}"
435,,"{""주식"": 33.6, ""채권"": 14.4, ""현금 및 예금"": 7.8, ""펀드"": 15.9, ""기타"": 28.2}"
436,,"{""주식"": 6.5, ""채권"": 28.0, ""현금 및 예금"": 7.7, ""펀드"": 48.2, ""기타"": 9.6}"
437,,"{""주식"": 32.8, ""채권"": 3.6, ""현금 및 예금"": 25.9, ""펀드"": 33.1, ""기타"": 4.7}"
438,,"{""주식"": 32.6, ""채권"": 5.0, ""현금 및 예금"": 34.5, ""펀드"": 25.4, ""기타"": 2.5}"
439,,"{""주식"": 32.8, ""채권"": 8.1, ""현금 및 예금"": 42.0, ""펀드"": 14.1, ""기타"": 2.9}"
440,,"{""주식"": 25.8, ""채권"": 3.1, ""현금 및 예금"": 22.1, ""펀드"": 35.0, ""기타"": 14.0}"
441,,"{""주식"": 15.4, ""채권"": 30.5, ""현금 및 예금"": 5.5, ""펀드"": 23.2, ""기타"": 25.4}"
442,,"{""주식"": 40.7, ""채권"": 3.4, ""현금 및 예금"": 13.4, ""펀드"": 9.9, ""기타"": 32.6}"
443,,"{""주식"": 0.7, ""채권"": 34.4, ""현금 및 예금"": 22.8, ""펀드"": 34.2, ""기타"": 7.8}"
444,,"{""주식"": 35.5, ""채권"": 8.5, ""현금 및 예금"": 9.5, ""펀드"": 8.0, ""기타"": 38.4}"
445,,"{""주식"": 35.1, ""채권"": 14.6, ""현금 및 예금"": 11.9, ""펀드"": 22.3, ""기타"": 16.0}"
446,,"{""주식"": 9.7, ""채권"": 10.3, ""현금 및 예금"": 45.5, ""펀드"": 21.6, ""기타"": 12.9}"
447,,"{""주식"": 46.1, ""채권"": 10.9, ""현금 및 예금"": 8.7, ""펀드"": 3.9, ""기타"": 30.3}"
448,,"{""주식"": 25.9, ""채권"": 27.2, ""현금 및 예금"": 16.1, ""펀드"": 21.5, ""기타"": 9.3}"
449,,"{""주식"": 16.6, ""채권"": 7.8, ""현금 및 예금"": 29.3, ""펀드"": 31.1, ""기타"": 15.2}"
450,,"{""주식"": 15.9, ""채권"": 15.4, ""현금 및 예금"": 27.7, ""펀드"": 33.6, ""기타"": 7.4}"
451,,"{""주식"": 17.6, ""채권"": 31.3, ""현금 및 예금"": 2.1, ""펀드"": 21.2, ""기타"": 27.9}"
452,,"{""주식"": 3.8, ""채권"": 25.9, ""현금 및 예금"": 22.0, ""펀드"": 25.1, ""기타"": 23.2}"
453,,"{""주식"": 9.0, ""채권"": 35.8, ""현금 및 예금"": 12.1, ""펀드"": 32.9, ""기타"": 10.3}"
454,,"{""주식"": 15.6, ""채권"": 16.8, ""현금 및 예금"": 26.4, ""펀드"": 18.5, ""기타"": 22.8}"
455,,"{""주식"": 23.3, ""채권"": 2.0, ""현금 및 예금"": 25.6, ""펀드"": 5.3, ""기타"": 43.9}"
456,,"{""주식"": 11.1, ""채권"": 17.2, ""현금 및 예금"": 20.6, ""펀드"": 19.6, ""기타"": 31.5}"
457,,"{""주식"": 6.5, ""채권"": 6.9, ""현금 및 예금"": 29.2, ""펀드"": 29.2, ""기타"": 28.2}"
458,,"{""주식"": 21.7, ""채권"": 23.7, ""현금 및 예금"": 9.6, ""펀드"": 8.0, ""기타"": 37.1}"
459,,"{""주식"": 4.7, ""채권"": 25.0, ""현금 및 예금"": 36.6, ""펀드"": 3.4, ""기타"": 30.3}"
460,,"{""주식"": 43.6, ""채권"": 5.4, ""현금 및 예금"": 5.8, ""펀드"": 33.5, ""기타"": 11.6}"
461,,"{""주식"": 19.2, ""채권"": 17.8, ""현금 및 예금"": 7.1, ""펀드"": 40.1, ""기타"": 15.8}"
462,,"{""주식"": 15.9, ""채권"": 25.3, ""현금 및 예금"": 18.8, ""펀드"": 21.4, ""기타"": 18.6}"
463,,"{""주식"": 39.2, ""채권"": 18.3, ""현금 및 예금"": 22.4, ""펀드"": 9.6, ""기타"": 10.5}"
464,,"{""주식"": 19.6, ""채권"": 13.5, ""현금 및 예금"": 14.5, ""펀드"": 23.4, ""기타"": 29.0}"
465,,"{""주식"": 41.6, ""채권"": 3.3, ""현금 및 예금"": 36.1, ""펀드"": 18.9, ""기타"": 0.0}"
466,,"{""주식"": 32.1, ""채권"": 3.0, ""현금 및 예금"": 34.2, ""펀드"": 25.8, ""기타"": 4.9}"
467,,"{""주식"": 1.1, ""채권"": 35.8, ""현금 및 예금"": 13.7, ""펀드"": 15.0, ""기타"": 34.4}"
468,,"{""주식"": 23.2, ""채권"": 24.3, ""현금 및 예금"": 14.3, ""펀드"": 17.6, ""기타"": 20.5}"
469,,"{""주식"": 27.1, ""채권"": 1.2, ""현금 및 예금"": 23.2, ""펀드"": 42.2, ""기타"": 6.3}"
470,,"{""주식"": 10.0, ""채권"": 22.2, ""현금 및 예금"": 22.5, ""펀드"": 24.3, ""기타"": 21.1}"
471,,"{""주식"": 10.5, ""채권"": 20.5, ""현금 및 예금"": 34.3, ""펀드"": 10.1, ""기타"": 24.6}"
472,,"{""주식"": 13.6, ""채권"": 26.0, ""현금 및 예금"": 2.4, ""펀드"": 34.5, ""기타"": 23.5}"
473,,"{""주식"": 24.2, ""채권"": 27.2, ""현금 및 예금"": 10.0, ""펀드"": 1.4, ""기타"": 37.3}"
474,,"{""주식"": 17.2, ""채권"": 22.5, ""현금 및 예금"": 24.1, ""펀드"": 20.1, ""기타"": 16.1}"
475,,"{""주식"": 34.6, ""채권"": 6.1, ""현금 및 예금"": 14.1, ""펀드"": 1.6, ""기타"": 43.5}"
476,,"{""주식"": 29.6, ""채권"": 0.7, ""현금 및 예금"": 28.0, ""펀드"": 11.0, ""기타"": 30.8}"
477,,"{""주식"": 1.8, ""채권"": 4.8, ""현금 및 예금"": 28.4, ""펀드"": 44.4, ""기타"": 20.6}"
478,,"{""주식"": 9.3, ""채권"": 20.5, ""현금 및 예금"": 20.0, ""펀드"": 39.1, ""기타"": 11.1}"
479,,"{""주식"": 2.6, ""채권"": 16.9, ""현금 및 예금"": 24.7, ""펀드"": 44.5, ""기타"": 11.4}"
480,,"{""주식"": 40.7, ""채권"": 16.3, ""현금 및 예금"": 1.0, ""펀드"": 6.5, ""기타"": 35.5}"
481,,"{""주식"": 27.6, ""채권"": 3.6, ""현금 및 예금"": 22.7, ""펀드"": 15.1, ""기타"": 31.0}"
482,,"{""주식"": 33.9, ""채권"": 9.8, ""현금 및 예금"": 40.5, ""펀드"": 8.4, ""기타"": 7.4}"
483,,"{""주식"": 3.2, ""채권"": 31.2, ""현금 및 예금"": 16.4, ""펀드"": 32.1, ""기타"": 17.1}"
484,,"{""주식"": 15.9, ""채권"": 41.5, ""현금 및 예금"": 3.1, ""펀드"": 5.0, ""기타"": 34.5}"
485,,"{""주식"": 18.9, ""채권"": 22.1, ""현금 및 예금"": 17.6, ""펀드"": 18.7, ""기타"": 22.6}"
486,,"{""주식"": 8.1, ""채권"": 15.5, ""현금 및 예금"": 14.3, ""펀드"": 31.4, ""기타"": 30.7}"
487,,"{""주식"": 25.2, ""채권"": 35.9, ""현금 및 예금"": 8.6, ""펀드"": 21.4, ""기타"": 8.8}"
488,,"{""주식"": 21.6, ""채권"": 26.1, ""현금 및 예금"": 6.6, ""펀드"": 6.3, ""기타"": 39.4}"
489,,"{""주식"": 3.4, ""채권"": 23.7, ""현금 및 예금"": 30.7, ""펀드"": 18.7, ""기타"": 23.5}"
490,,"{""주식"": 23.1, ""채권"": 5.6, ""현금 및 예금"": 31.2, ""펀드"": 10.7, ""기타"": 29.5}"
491,,"{""주식"": 17.6, ""채권"": 21.1, ""현금 및 예금"": 26.4, ""펀드"": 25.3, ""기타"": 9.6}"
492,,"{""주식"": 4.7, ""채권"": 24.2, ""현금 및 예금"": 38.2, ""펀드"": 11.2, ""기타"": 21.7}"
493,,"{""주식"": 10.4, ""채권"": 23.8, ""현금 및 예금"": 21.6, ""펀드"": 12.1, ""기타"": 32.1}"
494,,"{""주식"": 19.2, ""채권"": 23.1, ""현금 및 예금"": 20.1, ""펀드"": 14.5, ""기타"": 23.1}"
495,,"{""주식"": 7.9, ""채권"": 18.5, ""현금 및 예금"": 28.9, ""펀드"": 27.4, ""기타"": 17.4}"
496,,"{""주식"": 24.2, ""채권"": 11.9, ""현금 및 예금"": 12.9, ""펀드"": 23.5, ""기타"": 27.5}"
497,,"{""주식"": 17.6, ""채권"": 32.3, ""현금 및 예금"": 29.5, ""펀드"": 1.1, ""기타"": 19.5}"
498,,"{""주식"": 23.1, ""채권"": 28.2, ""현금 및 예금"": 23.6, ""펀드"": 15.1, ""기타"": 10.0}"
499,,"{""주식"": 17.2, ""채권"": 24.1, ""현금 및 예금"": 11.2, ""펀드"": 18.7, ""기타"": 28.7}"
500,,"{""주식"": 26.3, ""채권"": 11.0, ""현금 및 예금"": 18.2, ""펀드"": 15.2, ""기타"": 29.2}"
501,,"{""주식"": 17.5, ""채권"": 31.3, ""현금 및 예금"": 2.3, ""펀드"": 37.3, ""기타"": 11.5}"
502,,"{""주식"": 38.3, ""채권"": 5.2, ""현금 및 예금"": 10.6, ""펀드"": 24.0, ""기타"": 22.0}"
503,,"{""주식"": 23.1, ""채권"": 25.0, ""현금 및 예금"": 20.4, ""펀드"": 8.6, ""기타"": 23.0}"
504,,"{""주식"": 24.2, ""채권"": 23.3, ""현금 및 예금"": 24.9, ""펀드"": 23.6, ""기타"": 3.9}"
505,,"{""주식"": 31.8, ""채권"": 23.6, ""현금 및 예금"": 2.0, ""펀드"": 28.3, ""기타"": 14.3}"
506,,"{""주식"": 13.7, ""채권"": 5.0, ""현금 및 예금"": 11.5, ""펀드"": 26.8, ""기타"": 43.0}"
507,,"{""주식"": 46.6, ""채권"": 0.8, ""현금 및 예금"": 1.2, ""펀드"": 36.9, ""기타"": 14.6}"
508,,"{""주식"": 31.2, ""채권"": 7.3, ""현금 및 예금"": 18.7, ""펀드"": 6.5, ""기타"": 36.3}"
509,,"{""주식"": 1.5, ""채권"": 31.9, ""현금 및 예금"": 13.8, ""펀드"": 26.9, ""기타"": 25.9}"
510,,"{""주식"": 28.8, ""채권"": 20.8, ""현금 및 예금"": 26.7, ""펀드"": 8.3, ""기타"": 15.4}"
511,,"{""주식"": 12.1, ""채권"": 39.2, ""현금 및 예금"": 18.9, ""펀드"": 6.0, ""기타"": 23.8}"
512,,"{""주식"": 26.6, ""채권"": 16.2, ""현금 및 예금"": 23.7, ""펀드"": 11.5, ""기타"": 22.0}"
513,,"{""주식"": 3.6, ""채권"": 9.4, ""현금 및 예금"": 27.0, ""펀드"": 2.9, ""기타"": 57.1}"
514,,"{""주식"": 19.6, ""채권"": 3.3, ""현금 및 예금"": 3.6, ""펀드"": 28.4, ""기타"": 45.1}"
515,,"{""주식"": 33.7, ""채권"": 14.3, ""현금 및 예금"": 23.2, ""펀드"": 0.0, ""기타"": 28.8}"
516,,"{""주식"": 14.8, ""채권"": 29.0, ""현금 및 예금"": 26.1, ""펀드"": 3.9, ""기타"": 26.3}"
517,,"{""주식"": 17.7, ""채권"": 17.7, ""현금 및 예금"": 19.9, ""펀드"": 25.7, ""기타"": 19.0}"
518,,"{""주식"": 38.6, ""채권"": 12.2, ""현금 및 예금"": 36.5, ""펀드"": 6.1, ""기타"": 6.6}"
519,,"{""주식"": 15.6, ""채권"": 18.8, ""현금 및 예금"": 31.9, ""펀드"": 32.5, ""기타"": 1.3}"
520,,"{""주식"": 19.0, ""채권"": 24.2, ""현금 및 예금"": 15.0, ""펀드"": 38.3, ""기타"": 3.4}"
521,,"{""주식"": 14.6, ""채권"": 34.2, ""현금 및 예금"": 18.6, ""펀드"": 3.4, ""기타"": 29.2}"
522,,"{""주식"": 9.3, ""채권"": 15.6, ""현금 및 예금"": 29.8, ""펀드"": 28.5, ""기타"": 16.9}"
523,,"{""주식"": 30.7, ""채권"": 5.7, ""현금 및 예금"": 16.9, ""펀드"": 10.3, ""기타"": 36.4}"
524,,"{""주식"": 11.8, ""채권"": 10.3, ""현금 및 예금"": 22.7, ""펀드"": 26.7, ""기타"": 28.5}"
525,,"{""주식"": 21.0, ""채권"": 35.8, ""현금 및 예금"": 25.0, ""펀드"": 6.4, ""기타"": 11.9}"
526,,"{""주식"": 31.5, ""채권"": 31.0, ""현금 및 예금"": 17.8, ""펀드"": 6.4, ""기타"": 13.3}"
527,,"{""주식"": 19.8, ""채권"": 25.6, ""현금 및 예금"": 1.2, ""펀드"": 35.5, ""기타"": 18.0}"
528,,"{""주식"": 19.9, ""채권"": 21.6, ""현금 및 예금"": 5.3, ""펀드"": 28.1, ""기타"": 25.2}"
529,,"{""주식"": 25.8, ""채권"": 14.8, ""현금 및 예금"": 27.6, ""펀드"": 3.8, ""기타"": 28.1}"
530,,"{""주식"": 4.6, ""채권"": 23.0, ""현금 및 예금"": 29.5, ""펀드"": 30.1, ""기타"": 12.8}"
531,,"{""주식"": 5.9, ""채권"": 8.3, ""현금 및 예금"": 10.2, ""펀드"": 32.6, ""기타"": 43.0}"
532,,"{""주식"": 25.8, ""채권"": 27.4, ""현금 및 예금"": 20.8, ""펀드"": 14.1, ""기타"": 11.9}"
533,,"{""주식"": 11.1, ""채권"": 37.4, ""현금 및 예금"": 13.3, ""펀드"": 2.2, ""기타"": 36.0}"
534,,"{""주식"": 20.8, ""채권"": 18.5, ""현금 및 예금"": 27.9, ""펀드"": 10.1, ""기타"": 22.6}"
535,,"{""주식"": 22.9, ""채권"": 7.4, ""현금 및 예금"": 10.2, ""펀드"": 26.6, ""기타"": 33.0}"
536,,"{""주식"": 24.2, ""채권"": 18.5, ""현금 및 예금"": 18.6, ""펀드"": 18.2, ""기타"": 20.5}"
537,,"{""주식"": 0.5, ""채권"": 44.3, ""현금 및 예금"": 1.5, ""펀드"": 11.1, ""기타"": 42.5}"
538,,"{""주식"": 9.9, ""채권"": 36.8, ""현금 및 예금"": 12.0, ""펀드"": 37.0, ""기타"": 4.3}"
539,,"{""주식"": 18.0, ""채권"": 14.3, ""현금 및 예금"": 30.8, ""펀드"": 14.3, ""기타"": 22.6}"
540,,"{""주식"": 18.8, ""채권"": 20.3, ""현금 및 예금"": 9.2, ""펀드"": 23.5, ""기타"": 28.3}"
541,,"{""주식"": 34.4, ""채권"": 15.1, ""현금 및 예금"": 48.1, ""펀드"": 0.9, ""기타"": 1.5}"
542,,"{""주식"": 33.2, ""채권"": 12.7, ""현금 및 예금"": 16.4, ""펀드"": 28.7, ""기타"": 9.0}"
543,,"{""주식"": 12.4, ""채권"": 11.8, ""현금 및 예금"": 29.2, ""펀드"": 23.8, ""기타"": 22.9}"
544,,"{""주식"": 15.4, ""채권"": 20.9, ""현금 및 예금"": 16.2, ""펀드"": 40.4, ""기타"": 7.1}"
545,,"{""주식"": 43.0, ""채권"": 30.1, ""현금 및 예금"": 6.9, ""펀드"": 6.1, ""기타"": 13.8}"
546,,"{""주식"": 16.6, ""채권"": 0.8, ""현금 및 예금"": 21.0, ""펀드"": 49.7, ""기타"": 12.0}"
547,,"{""주식"": 14.9, ""채권"": 23.4, ""현금 및 예금"": 16.5, ""펀드"": 16.1, ""기타"": 29.1}"
548,,"{""주식"": 28.6, ""채권"": 33.9, ""현금 및 예금"": 17.1, ""펀드"": 11.5, ""기타"": 9.0}"
549,,"{""주식"": 35.3, ""채권"": 15.5, ""현금 및 예금"": 19.6, ""펀드"": 28.4, ""기타"": 1.3}"
550,,"{""주식"": 3.2, ""채권"": 33.7, ""현금 및 예금"": 23.5, ""펀드"": 8.5, ""기타"": 31.0}"
551,,"{""주식"": 7.0, ""채권"": 33.1, ""현금 및 예금"": 26.1, ""펀드"": 18.2, ""기타"": 15.6}"
552,,"{""주식"": 1.7, ""채권"": 11.7, ""현금 및 예금"": 32.9, ""펀드"": 31.2, ""기타"": 22.5}"
553,,"{""주식"": 45.4, ""채권"": 9.2, ""현금 및 예금"": 6.6, ""펀드"": 13.4, ""기타"": 25.3}"
554,,"{""주식"": 31.5, ""채권"": 26.8, ""현금 및 예금"": 12.7, ""펀드"": 7.0, ""기타"": 22.0}"
555,,"{""주식"": 5.4, ""채권"": 8.0, ""현금 및 예금"": 25.5, ""펀드"": 25.2, ""기타"": 35.8}"
556,,"{""주식"": 0.2, ""채권"": 42.7, ""현금 및 예금"": 6.7, ""펀드"": 16.2, ""기타"": 34.3}"
557,,"{""주식"": 13.7, ""채권"": 32.0, ""현금 및 예금"": 29.2, ""펀드"": 24.4, ""기타"": 0.7}"
558,,"{""주식"": 20.9, ""채권"": 24.5, ""현금 및 예금"": 24.8, ""펀드"": 22.6, ""기타"": 7.2}"
559,,"{""주식"": 16.1, ""채권"": 29.8, ""현금 및 예금"": 22.8, ""펀드"": 1.6, ""기타"": 29.7}"
560,,"{""주식"": 29.1, ""채권"": 16.2, ""현금 및 예금"": 24.1, ""펀드"": 13.2, ""기타"": 17.4}"
561,,"{""주식"": 26.3, ""채권"": 15.3, ""현금 및 예금"": 17.2, ""펀드"": 22.6, ""기타"": 18.6}"
562,,"{""주식"": 18.4, ""채권"": 43.8, ""현금 및 예금"": 24.9, ""펀드"": 9.9, ""기타"": 3.0}"
563,,"{""주식"": 18.0, ""채권"": 12.1, ""현금 및 예금"": 16.8, ""펀드"": 26.8, ""기타"": 26.4}"
564,,"{""주식"": 9.9, ""채권"": 4.4, ""현금 및 예금"": 40.5, ""펀드"": 22.2, ""기타"": 23.0}"
565,,"{""주식"": 10.1, ""채권"": 0.7, ""현금 및 예금"": 26.5, ""펀드"": 23.9, ""기타"": 38.9}"
566,,"{""주식"": 32.1, ""채권"": 3.0, ""현금 및 예금"": 26.7, ""펀드"": 15.1, ""기타"": 23.0}"
567,,"{""주식"": 16.4, ""채권"": 28.9, ""현금 및 예금"": 31.5, ""펀드"": 22.9, ""기타"": 0.2}"
568,,"{""주식"": 22.1, ""채권"": 18.2, ""현금 및 예금"": 13.9, ""펀드"": 27.0, ""기타"": 18.8}"
569,,"{""주식"": 14.4, ""채권"": 31.8, ""현금 및 예금"": 15.2, ""펀드"": 35.4, ""기타"": 3.2}"
570,,"{""주식"": 8.4, ""채권"": 14.6, ""현금 및 예금"": 34.2, ""펀드"": 9.1, ""기타"": 33.7}"
571,,"{""주식"": 10.2, ""채권"": 21.6, ""현금 및 예금"": 30.1, ""펀드"": 29.8, ""기타"": 8.4}"
572,,"{""주식"": 17.9, ""채권"": 13.3, ""현금 및 예금"": 19.4, ""펀드"": 13.5, ""기타"": 35.9}"
573,,"{""주식"": 40.2, ""채권"": 16.8, ""현금 및 예금"": 15.1, ""펀드"": 20.7, ""기타"": 7.2}"
574,,"{""주식"": 23.5, ""채권"": 7.9, ""현금 및 예금"": 0.6, ""펀드"": 36.8, ""기타"": 31.2}"
575,,"{""주식"": 25.6, ""채권"": 18.6, ""현금 및 예금"": 13.1, ""펀드"": 14.2, ""기타"": 28.4}"
576,,"{""주식"": 30.0, ""채권"": 9.6, ""현금 및 예금"": 16.9, ""펀드"": 25.2, ""기타"": 18.2}"
577,,"{""주식"": 23.7, ""채권"": 13.6, ""현금 및 예금"": 16.5, ""펀드"": 24.6, ""기타"": 21.6}"
578,,"{""주식"": 28.2, ""채권"": 27.6, ""현금 및 예금"": 15.0, ""펀드"": 14.7, ""기타"": 14.4}"
579,,"{""주식"": 28.0, ""채권"": 30.1, ""현금 및 예금"": 0.3, ""펀드"": 18.8, ""기타"": 22.8}"
580,,"{""주식"": 7.1, ""채권"": 24.4, ""현금 및 예금"": 22.0, ""펀드"": 19.4, ""기타"": 27.0}"
581,,"{""주식"": 32.8, ""채권"": 15.5, ""현금 및 예금"": 9.4, ""펀드"": 10.2, ""기타"": 32.1}"
582,,"{""주식"": 8.3, ""채권"": 12.4, ""현금 및 예금"": 32.3, ""펀드"": 9.6, ""기타"": 37.4}"
583,,"{""주식"": 3.9, ""채권"": 3.3, ""현금 및 예금"": 31.3, ""펀드"": 31.6, ""기타"": 29.8}"
584,,"{""주식"": 24.4, ""채권"": 31.5, ""현금 및 예금"": 14.2, ""펀드"": 26.8, ""기타"": 3.1}"
585,,"{""주식"": 33.8, ""채권"": 10.8, ""현금 및 예금"": 4.9, ""펀드"": 31.8, ""기타"": 18.7}"
586,,"{""주식"": 25.7, ""채권"": 15.2, ""현금 및 예금"": 18.5, ""펀드"": 12.3, ""기타"": 28.4}"
587,,"{""주식"": 28.1, ""채권"": 4.3, ""현금 및 예금"": 7.9, ""펀드"": 30.3, ""기타"": 29.4}"
588,,"{""주식"": 31.2, ""채권"": 24.4, ""현금 및 예금"": 8.1, ""펀드"": 28.6, ""기타"": 7.7}"
589,,"{""주식"": 35.1, ""채권"": 37.7, ""현금 및 예금"": 5.8, ""펀드"": 12.0, ""기타"": 9.5}"
590,,"{""주식"": 3.8, ""채권"": 32.2, ""현금 및 예금"": 32.0, ""펀드"": 9.3, ""기타"": 22.7}"
591,,"{""주식"": 26.1, ""채권"": 13.0, ""현금 및 예금"": 11.2, ""펀드"": 14.3, ""기타"": 35.4}"
592,,"{""주식"": 30.2, ""채권"": 16.6, ""현금 및 예금"": 21.8, ""펀드"": 1.5, ""기타"": 29.9}"
593,,"{""주식"": 20.2, ""채권"": 23.4, ""현금 및 예금"": 20.0, ""펀드"": 14.5, ""기타"": 22.0}"
594,,"{""주식"": 13.5, ""채권"": 34.9, ""현금 및 예금"": 5.4, ""펀드"": 39.3, ""기타"": 7.0}"
595,,"{""주식"": 37.0, ""채권"": 26.6, ""현금 및 예금"": 15.2, ""펀드"": 18.4, ""기타"": 2.7}"
596,,"{""주식"": 2.7, ""채권"": 29.4, ""현금 및 예금"": 24.6, ""펀드"": 21.0, ""기타"": 22.4}"
597,,"{""주식"": 22.5, ""채권"": 0.6, ""현금 및 예금"": 9.1, ""펀드"": 39.7, ""기타"": 28.2}"
598,,"{""주식"": 1.9, ""채권"": 23.9, ""현금 및 예금"": 31.8, ""펀드"": 29.5, ""기타"": 12.9}"
599,,"{""주식"": 20.6, ""채권"": 21.4, ""현금 및 예금"": 5.6, ""펀드"": 24.3, ""기타"": 28.1}"
600,,"{""주식"": 18.4, ""채권"": 21.0, ""현금 및 예금"": 13.9, ""펀드"": 19.1, ""기타"": 27.6}"
601,,"{""주식"": 30.1, ""채권"": 25.3, ""현금 및 예금"": 8.1, ""펀드"": 6.3, ""기타"": 30.1}"
602,,"{""주식"": 13.6, ""채권"": 29.7, ""현금 및 예금"": 8.2, ""펀드"": 34.1, ""기타"": 14.4}"
603,,"{""주식"": 30.6, ""채권"": 29.1, ""현금 및 예금"": 27.7, ""펀드"": 10.1, ""기타"": 2.5}"
604,,"{""주식"": 5.5, ""채권"": 2.3, ""현금 및 예금"": 36.5, ""펀드"": 26.0, ""기타"": 29.7}"
605,,"{""주식"": 25.8, ""채권"": 15.4, ""현금 및 예금"": 26.0, ""펀드"": 25.6, ""기타"": 7.2}"
606,,"{""주식"": 32.4, ""채권"": 21.2, ""현금 및 예금"": 10.8, ""펀드"": 9.4, ""기타"": 26.2}"
607,,"{""주식"": 4.3, ""채권"": 22.0, ""현금 및 예금"": 16.3, ""펀드"": 39.6, ""기타"": 17.8}"
608,,"{""주식"": 15.8, ""채권"": 10.3, ""현금 및 예금"": 30.4, ""펀드"": 22.4, ""기타"": 21.2}"
609,,"{""주식"": 36.5, ""채권"": 37.7, ""현금 및 예금"": 1.0, ""펀드"": 10.9, ""기타"": 14.0}"
610,,"{""주식"": 41.9, ""채권"": 1.6, ""현금 및 예금"": 12.0, ""펀드"": 15.9, ""기타"": 28.6}"
611,,"{""주식"": 4.4, ""채권"": 6.5, ""현금 및 예금"": 9.4, ""펀드"": 32.3, ""기타"": 47.4}"
612,,"{""주식"": 16.3, ""채권"": 22.5, ""현금 및 예금"": 17.3, ""펀드"": 13.4, ""기타"": 30.5}"
613,,"{""주식"": 3.4, ""채권"": 51.6, ""현금 및 예금"": 2.6, ""펀드"": 7.9, ""기타"": 34.5}"
614,,"{""주식"": 38.7, ""채권"": 13.4, ""현금 및 예금"": 15.7, ""펀드"": 4.6, ""기타"": 27.7}"
615,,"{""주식"": 26.6, ""채권"": 15.5, ""현금 및 예금"": 6.1, ""펀드"": 27.3, ""기타"": 24.5}"
616,,"{""주식"": 25.2, ""채권"": 15.4, ""현금 및 예금"": 27.8, ""펀드"": 5.4, ""기타"": 26.2}"
617,,"{""주식"": 24.4, ""채권"": 9.0, ""현금 및 예금"": 25.0, ""펀드"": 17.2, ""기타"": 24.3}"
618,,"{""주식"": 2.8, ""채권"": 11.4, ""현금 및 예금"": 4.3, ""펀드"": 32.3, ""기타"": 49.3}"
619,,"{""주식"": 43.9, ""채권"": 28.7, ""현금 및 예금"": 4.8, ""펀드"": 11.4, ""기타"": 11.3}"
620,,"{""주식"": 34.7, ""채권"": 0.2, ""현금 및 예금"": 13.3, ""펀드"": 23.9, ""기타"": 27.8}"
621,,"{""주식"": 23.6, ""채권"": 13.1, ""현금 및 예금"": 5.0, ""펀드"": 25.2, ""기타"": 33.1}"
622,,"{""주식"": 30.6, ""채권"": 18.0, ""현금 및 예금"": 11.6, ""펀드"": 26.8, ""기타"": 13.0}"
623,,"{""주식"": 23.5, ""채권"": 26.9, ""현금 및 예금"": 4.3, ""펀드"": 24.3, ""기타"": 21.0}"
624,,"{""주식"": 19.9, ""채권"": 24.8, ""현금 및 예금"": 28.2, ""펀드"": 10.8, ""기타"": 16.2}"
625,,"{""주식"": 26.8, ""채권"": 23.3, ""현금 및 예금"": 31.2, ""펀드"": 5.0, ""기타"": 13.7}"
626,,"{""주식"": 33.1, ""채권"": 0.1, ""현금 및 예금"": 28.3, ""펀드"": 3.4, ""기타"": 35.1}"
627,,"{""주식"": 2.0, ""채권"": 25.0, ""현금 및 예금"": 17.1, ""펀드"": 28.1, ""기타"": 27.8}"
628,,"{""주식"": 14.3, ""채권"": 6.6, ""현금 및 예금"": 12.1, ""펀드"": 52.6, ""기타"": 14.4}"
629,,"{""주식"": 25.2, ""채권"": 24.5, ""현금 및 예금"": 13.1, ""펀드"": 33.4, ""기타"": 3.7}"
630,,"{""주식"": 25.9, ""채권"": 11.9, ""현금 및 예금"": 30.9, ""펀드"": 17.1, ""기타"": 14.2}"
631,,"{""주식"": 4.6, ""채권"": 22.2, ""현금 및 예금"": 30.4, ""펀드"": 30.6, ""기타"": 12.1}"
632,,"{""주식"": 9.1, ""채권"": 6.1, ""현금 및 예금"": 21.7, ""펀드"": 18.1, ""기타"": 45.0}"
633,,"{""주식"": 8.3, ""채권"": 8.7, ""현금 및 예금"": 16.0, ""펀드"": 32.4, ""기타"": 34.5}"
634,,"{""주식"": 26.0, ""채권"": 10.1, ""현금 및 예금"": 30.9, ""펀드"": 1.7, ""기타"": 31.4}"
635,,"{""주식"": 22.3, ""채권"": 21.3, ""현금 및 예금"": 6.9, ""펀드"": 19.5, ""기타"": 30.0}"
636,,"{""주식"": 24.7, ""채권"": 33.1, ""현금 및 예금"": 4.8, ""펀드"": 11.9, ""기타"": 25.5}"
637,,"{""주식"": 18.0, ""채권"": 16.0, ""현금 및 예금"": 30.2, ""펀드"": 29.0, ""기타"": 6.7}"
638,,"{""주식"": 2.0, ""채권"": 4.5, ""현금 및 예금"": 8.7, ""펀드"": 62.7, ""기타"": 22.1}"
639,,"{""주식"": 25.0, ""채권"": 11.6, ""현금 및 예금"": 16.0, ""펀드"": 23.1, ""기타"": 24.4}"
640,,"{""주식"": 18.4, ""채권"": 4.8, ""현금 및 예금"": 26.5, ""펀드"": 29.6, ""기타"": 20.6}"
641,,"{""주식"": 24.3, ""채권"": 15.4, ""현금 및 예금"": 10.4, ""펀드"": 20.1, ""기타"": 29.7}"
642,,"{""주식"": 3.9, ""채권"": 26.5, ""현금 및 예금"": 18.7, ""펀드"": 23.9, ""기타"": 27.0}"
643,,"{""주식"": 21.4, ""채권"": 16.1, ""현금 및 예금"": 16.1, ""펀드"": 25.8, ""기타"": 20.6}"
644,,"{""주식"": 7.2, ""채권"": 16.3, ""현금 및 예금"": 15.4, ""펀드"": 29.4, ""기타"": 31.8}"
645,,"{""주식"": 10.1, ""채권"": 28.0, ""현금 및 예금"": 25.0, ""펀드"": 28.4, ""기타"": 8.5}"
646,,"{""주식"": 6.7, ""채권"": 7.0, ""현금 및 예금"": 42.4, ""펀드"": 25.6, ""기타"": 18.4}"
647,,"{""주식"": 9.2, ""채권"": 32.0, ""현금 및 예금"": 16.5, ""펀드"": 9.8, ""기타"": 32.5}"
648,,"{""주식"": 23.1, ""채권"": 42.9, ""현금 및 예금"": 8.2, ""펀드"": 9.1, ""기타"": 16.6}"
649,,"{""주식"": 21.5, ""채권"": 27.5, ""현금 및 예금"": 21.6, ""펀드"": 4.4, ""기타"": 25.1}"
650,,"{""주식"": 48.7, ""채권"": 15.8, ""현금 및 예금"": 15.2, ""펀드"": 19.0, ""기타"": 1.3}"
651,,"{""주식"": 17.9, ""채권"": 32.3, ""현금 및 예금"": 14.2, ""펀드"": 34.1, ""기타"": 1.6}"
652,,"{""주식"": 9.0, ""채권"": 28.3, ""현금 및 예금"": 14.6, ""펀드"": 32.2, ""기타"": 15.9}"
653,,"{""주식"": 16.9, ""채권"": 22.0, ""현금 및 예금"": 18.4, ""펀드"": 22.1, ""기타"": 20.6}"
654,,"{""주식"": 6.1, ""채권"": 22.7, ""현금 및 예금"": 15.3, ""펀드"": 28.0, ""기타"": 27.9}"
655,,"{""주식"": 11.5, ""채권"": 18.6, ""현금 및 예금"": 46.6, ""펀드"": 1.0, ""기타"": 22.3}"
656,,"{""주식"": 15.3, ""채권"": 0.7, ""현금 및 예금"": 25.2, ""펀드"": 25.3, ""기타"": 33.5}"
657,,"{""주식"": 26.8, ""채권"": 57.4, ""현금 및 예금"": 6.9, ""펀드"": 7.2, ""기타"": 1.7}"
658,,"{""주식"": 13.1, ""채권"": 49.8, ""현금 및 예금"": 21.5, ""펀드"": 12.7, ""기타"": 2.8}"
659,,"{""주식"": 0.1, ""채권"": 33.7, ""현금 및 예금"": 25.7, ""펀드"": 19.0, ""기타"": 21.5}"
660,,"{""주식"": 32.7, ""채권"": 12.5, ""현금 및 예금"": 12.4, ""펀드"": 26.0, ""기타"": 16.4}"
661,,"{""주식"": 5.0, ""채권"": 17.8, ""현금 및 예금"": 13.9, ""펀드"": 8.8, ""기타"": 54.5}"
662,,"{""주식"": 29.3, ""채권"": 6.0, ""현금 및 예금"": 36.7, ""펀드"": 20.7, ""기타"": 7.3}"
663,,"{""주식"": 13.6, ""채권"": 27.1, ""현금 및 예금"": 29.1, ""펀드"": 10.5, ""기타"": 19.7}"
664,,"{""주식"": 7.2, ""채권"": 24.8, ""현금 및 예금"": 19.3, ""펀드"": 15.3, ""기타"": 33.4}"
665,,"{""주식"": 11.9, ""채권"": 14.6, ""현금 및 예금"": 13.6, ""펀드"": 27.9, ""기타"": 31.9}"
666,,"{""주식"": 30.3, ""채권"": 14.5, ""현금 및 예금"": 18.5, ""펀드"": 30.7, ""기타"": 6.0}"
667,,"{""주식"": 16.8, ""채권"": 14.9, ""현금 및 예금"": 26.4, ""펀드"": 21.6, ""기타"": 20.3}"
668,,"{""주식"": 45.9, ""채권"": 19.7, ""현금 및 예금"": 2.5, ""펀드"": 25.1, ""기타"": 7.0}"
669,,"{""주식"": 1.1, ""채권"": 10.0, ""현금 및 예금"": 52.9, ""펀드"": 12.5, ""기타"": 23.5}"
670,,"{""주식"": 15.2, ""채권"": 20.3, ""현금 및 예금"": 17.4, ""펀드"": 22.1, ""기타"": 25.0}"
671,,"{""주식"": 30.2, ""채권"": 17.9, ""현금 및 예금"": 40.8, ""펀드"": 7.7, ""기타"": 3.4}"
672,,"{""주식"": 9.6, ""채권"": 31.2, ""현금 및 예금"": 1.0, ""펀드"": 31.0, ""기타"": 27.2}"
673,,"{""주식"": 10.7, ""채권"": 20.1, ""현금 및 예금"": 19.9, ""펀드"": 24.7, ""기타"": 24.6}"
674,,"{""주식"": 4.1, ""채권"": 23.9, ""현금 및 예금"": 29.8, ""펀드"": 28.0, ""기타"": 14.3}"
675,,"{""주식"": 17.6, ""채권"": 32.8, ""현금 및 예금"": 16.8, ""펀드"": 19.0, ""기타"": 13.8}"
676,,"{""주식"": 6.4, ""채권"": 6.9, ""현금 및 예금"": 35.5, ""펀드"": 37.3, ""기타"": 13.9}"
677,,"{""주식"": 24.4, ""채권"": 27.8, ""현금 및 예금"": 10.3, ""펀드"": 21.8, ""기타"": 15.6}"
678,,"{""주식"": 18.3, ""채권"": 6.8, ""현금 및 예금"": 29.2, ""펀드"": 19.9, ""기타"": 25.7}"
679,,"{""주식"": 23.7, ""채권"": 40.2, ""현금 및 예금"": 13.9, ""펀드"": 6.5, ""기타"": 15.7}"
680,,"{""주식"": 22.1, ""채권"": 16.1, ""현금 및 예금"": 11.1, ""펀드"": 23.9, ""기타"": 26.8}"
681,,"{""주식"": 23.0, ""채권"": 8.4, ""현금 및 예금"": 38.8, ""펀드"": 7.9, ""기타"": 21.9}"
682,,"{""주식"": 11.3, ""채권"": 8.4, ""현금 및 예금"": 26.1, ""펀드"": 27.4, ""기타"": 26.7}"
683,,"{""주식"": 32.4, ""채권"": 13.3, ""현금 및 예금"": 10.0, ""펀드"": 10.6, ""기타"": 33.8}"
684,,"{""주식"": 8.8, ""채권"": 26.5, ""현금 및 예금"": 29.7, ""펀드"": 0.4, ""기타"": 34.6}"
685,,"{""주식"": 4.0, ""채권"": 15.4, ""현금 및 예금"": 10.7, ""펀드"": 56.9, ""기타"": 13.0}"
686,,"{""주식"": 18.8, ""채권"": 41.1, ""현금 및 예금"": 22.9, ""펀드"": 11.3, ""기타"": 5.8}"
687,,"{""주식"": 17.5, ""채권"": 21.6, ""현금 및 예금"": 23.9, ""펀드"": 16.9, ""기타"": 20.1}"
688,,"{""주식"": 21.5, ""채권"": 35.9, ""현금 및 예금"": 12.4, ""펀드"": 2.5, ""기타"": 27.7}"
689,,"{""주식"": 7.5, ""채권"": 21.2, ""현금 및 예금"": 20.8, ""펀드"": 37.3, ""기타"": 13.2}"
690,,"{""주식"": 12.4, ""채권"": 26.9, ""현금 및 예금"": 17.6, ""펀드"": 28.1, ""기타"": 15.0}"
691,,"{""주식"": 3.4, ""채권"": 38.8, ""현금 및 예금"": 31.3, ""펀드"": 22.4, ""기타"": 4.1}"
692,,"{""주식"": 38.2, ""채권"": 37.1, ""현금 및 예금"": 3.4, ""펀드"": 11.5, ""기타"": 9.8}"
693,,"{""주식"": 25.5, ""채권"": 11.6, ""현금 및 예금"": 27.4, ""펀드"": 11.4, ""기타"": 24.0}"
694,,"{""주식"": 29.3, ""채권"": 8.6, ""현금 및 예금"": 14.8, ""펀드"": 27.2, ""기타"": 20.2}"
695,,"{""주식"": 15.0, ""채권"": 15.5, ""현금 및 예금"": 27.0, ""펀드"": 26.7, ""기타"": 15.8}"
696,,"{""주식"": 8.5, ""채권"": 26.4, ""현금 및 예금"": 19.7, ""펀드"": 29.3, ""기타"": 16.2}"
697,,"{""주식"": 4.5, ""채권"": 23.1, ""현금 및 예금"": 13.5, ""펀드"": 29.4, ""기타"": 29.6}"
698,,"{""주식"": 21.7, ""채권"": 15.2, ""현금 및 예금"": 32.9, ""펀드"": 3.8, ""기타"": 26.3}"
699,,"{""주식"": 26.0, ""채권"": 19.1, ""현금 및 예금"": 12.2, ""펀드"": 12.6, ""기타"": 30.2}"
700,,"{""주식"": 7.2, ""채권"": 4.8, ""현금 및 예금"": 50.4, ""펀드"": 21.3, ""기타"": 16.3}"
701,,"{""주식"": 16.7, ""채권"": 17.2, ""현금 및 예금"": 26.7, ""펀드"": 14.8, ""기타"": 24.6}"
702,,"{""주식"": 26.3, ""채권"": 9.5, ""현금 및 예금"": 18.5, ""펀드"": 20.8, ""기타"": 24.9}"
703,,"{""주식"": 0.2, ""채권"": 14.7, ""현금 및 예금"": 34.6, ""펀드"": 15.7, ""기타"": 34.9}"
704,,"{""주식"": 51.1, ""채권"": 2.2, ""현금 및 예금"": 13.6, ""펀드"": 9.1, ""기타"": 24.0}"
705,,"{""주식"": 24.7, ""채권"": 45.5, ""현금 및 예금"": 15.3, ""펀드"": 10.4, ""기타"": 4.2}"
706,,"{""주식"": 29.6, ""채권"": 23.2, ""현금 및 예금"": 18.0, ""펀드"": 19.2, ""기타"": 10.0}"
707,,"{""주식"": 8.3, ""채권"": 2.4, ""현금 및 예금"": 21.2, ""펀드"": 39.8, ""기타"": 28.3}"
708,,"{""주식"": 20.0, ""채권"": 26.0, ""현금 및 예금"": 21.4, ""펀드"": 18.9, ""기타"": 13.7}"
709,,"{""주식"": 17.8, ""채권"": 13.1, ""현금 및 예금"": 16.4, ""펀드"": 27.8, ""기타"": 25.0}"
710,,"{""주식"": 24.3, ""채권"": 16.5, ""현금 및 예금"": 20.4, ""펀드"": 24.1, ""기타"": 14.7}"
711,,"{""주식"": 32.2, ""채권"": 9.3, ""현금 및 예금"": 38.3, ""펀드"": 7.6, ""기타"": 12.7}"
712,,"{""주식"": 29.4, ""채권"": 11.5, ""현금 및 예금"": 35.1, ""펀드"": 6.9, ""기타"": 17.2}"
713,,"{""주식"": 14.0, ""채권"": 19.4, ""현금 및 예금"": 20.2, ""펀드"": 23.0, ""기타"": 23.4}"
714,,"{""주식"": 15.1, ""채권"": 19.0, ""현금 및 예금"": 29.4, ""펀드"": 17.4, ""기타"": 19.0}"
715,,"{""주식"": 22.3, ""채권"": 27.3, ""현금 및 예금"": 17.7, ""펀드"": 30.1, ""기타"": 2.5}"
716,,"{""주식"": 12.4, ""채권"": 22.2, ""현금 및 예금"": 19.5, ""펀드"": 23.4, ""기타"": 22.5}"
717,,"{""주식"": 21.6, ""채권"": 21.3, ""현금 및 예금"": 3.1, ""펀드"": 23.9, ""기타"": 30.0}"
718,,"{""주식"": 3.1, ""채권"": 11.4, ""현금 및 예금"": 1.9, ""펀드"": 44.9, ""기타"": 38.7}"
719,,"{""주식"": 16.3, ""채권"": 1.7, ""현금 및 예금"": 0.6, ""펀드"": 39.7, ""기타"": 41.7}"
720,,"{""주식"": 24.0, ""채권"": 22.9, ""현금 및 예금"": 31.5, ""펀드"": 16.2, ""기타"": 5.5}"
721,,"{""주식"": 55.8, ""채권"": 9.3, ""현금 및 예금"": 17.4, ""펀드"": 16.3, ""기타"": 1.2}"
722,,"{""주식"": 7.3, ""채권"": 33.8, ""현금 및 예금"": 12.0, ""펀드"": 32.9, ""기타"": 14.0}"
723,,"{""주식"": 6.1, ""채권"": 10.5, ""현금 및 예금"": 15.0, ""펀드"": 29.9, ""기타"": 38.4}"
724,,"{""주식"": 7.9, ""채권"": 41.1, ""현금 및 예금"": 0.0, ""펀드"": 29.6, ""기타"": 21.5}"
725,,"{""주식"": 9.9, ""채권"": 16.3, ""현금 및 예금"": 13.3, ""펀드"": 12.7, ""기타"": 47.9}"
726,,"{""주식"": 24.7, ""채권"": 18.4, ""현금 및 예금"": 10.3, ""펀드"": 18.7, ""기타"": 27.9}"
727,,"{""주식"": 7.3, ""채권"": 42.6, ""현금 및 예금"": 2.5, ""펀드"": 9.7, ""기타"": 37.9}"
728,,"{""주식"": 20.6, ""채권"": 22.9, ""현금 및 예금"": 24.7, ""펀드"": 11.1, ""기타"": 20.8}"
729,,"{""주식"": 9.1, ""채권"": 38.8, ""현금 및 예금"": 30.3, ""펀드"": 8.2, ""기타"": 13.6}"
730,,"{""주식"": 24.5, ""채권"": 19.3, ""현금 및 예금"": 24.0, ""펀드"": 12.7, ""기타"": 19.5}"
731,,"{""주식"": 26.8, ""채권"": 26.0, ""현금 및 예금"": 16.4, ""펀드"": 21.3, ""기타"": 9.6}"
732,,"{""주식"": 25.5, ""채권"": 15.5, ""현금 및 예금"": 22.4, ""펀드"": 6.0, ""기타"": 30.6}"
733,,"{""주식"": 29.4, ""채권"": 0.1, ""현금 및 예금"": 46.4, ""펀드"": 6.4, ""기타"": 17.7}"
734,,"{""주식"": 26.3, ""채권"": 2.5, ""현금 및 예금"": 46.7, ""펀드"": 11.2, ""기타"": 13.3}"
735,,"{""주식"": 8.0, ""채권"": 35.4, ""현금 및 예금"": 6.4, ""펀드"": 29.2, ""기타"": 20.9}"
736,,"{""주식"": 24.1, ""채권"": 27.4, ""현금 및 예금"": 28.4, ""펀드"": 7.9, ""기타"": 12.3}"
737,,"{""주식"": 0.7, ""채권"": 6.1, ""현금 및 예금"": 38.2, ""펀드"": 21.6, ""기타"": 33.4}"
738,,"{""주식"": 6.9, ""채권"": 27.4, ""현금 및 예금"": 7.3, ""펀드"": 25.5, ""기타"": 32.9}"
739,,"{""주식"": 32.0, ""채권"": 21.4, ""현금 및 예금"": 19.4, ""펀드"": 13.6, ""기타"": 13.6}"
740,,"{""주식"": 8.0, ""채권"": 27.6, ""현금 및 예금"": 26.6, ""펀드"": 17.8, ""기타"": 19.9}"
741,,"{""주식"": 30.2, ""채권"": 19.5, ""현금 및 예금"": 22.9, ""펀드"": 15.0, ""기타"": 12.4}"
742,,"{""주식"": 6.7, ""채권"": 12.1, ""현금 및 예금"": 37.2, ""펀드"": 22.8, ""기타"": 21.3}"
743,,"{""주식"": 17.2, ""채권"": 6.2, ""현금 및 예금"": 24.3, ""펀드"": 26.8, ""기타"": 25.6}"
744,,"{""주식"": 18.1, ""채권"": 15.2, ""현금 및 예금"": 12.3, ""펀드"": 17.6, ""기타"": 36.8}"
745,,"{""주식"": 15.8, ""채권"": 21.5, ""현금 및 예금"": 30.2, ""펀드"": 22.1, ""기타"": 10.3}"
746,,"{""주식"": 5.2, ""채권"": 34.2, ""현금 및 예금"": 30.3, ""펀드"": 14.8, ""기타"": 15.5}"
747,,"{""주식"": 26.7, ""채권"": 40.9, ""현금 및 예금"": 13.5, ""펀드"": 14.8, ""기타"": 4.1}"
748,,"{""주식"": 25.4, ""채권"": 3.5, ""현금 및 예금"": 24.2, ""펀드"": 24.3, ""기타"": 22.6}"
749,,"{""주식"": 11.0, ""채권"": 26.5, ""현금 및 예금"": 8.1, ""펀드"": 27.4, ""기타"": 26.9}"
750,,"{""주식"": 30.1, ""채권"": 18.9, ""현금 및 예금"": 13.4, ""펀드"": 33.7, ""기타"": 3.9}"
751,,"{""주식"": 2.0, ""채권"": 25.6, ""현금 및 예금"": 22.6, ""펀드"": 28.2, ""기타"": 21.5}"
752,,"{""주식"": 4.4, ""채권"": 40.2, ""현금 및 예금"": 7.5, ""펀드"": 7.4, ""기타"": 40.5}"
753,,"{""주식"": 23.9, ""채권"": 33.9, ""현금 및 예금"": 20.2, ""펀드"": 9.2, ""기타"": 12.8}"
754,,"{""주식"": 24.5, ""채권"": 11.9, ""현금 및 예금"": 20.6, ""펀드"": 18.7, ""기타"": 24.3}"
755,,"{""주식"": 29.9, ""채권"": 7.0, ""현금 및 예금"": 1.0, ""펀드"": 26.7, ""기타"": 35.5}"
756,,"{""주식"": 29.5, ""채권"": 4.8, ""현금 및 예금"": 35.5, ""펀드"": 10.4, ""기타"": 19.8}"
757,,"{""주식"": 3.3, ""채권"": 26.2, ""현금 및 예금"": 14.8, ""펀드"": 26.2, ""기타"": 29.4}"
758,,"{""주식"": 11.1, ""채권"": 36.3, ""현금 및 예금"": 20.7, ""펀드"": 0.5, ""기타"": 31.4}"
759,,"{""주식"": 20.9, ""채권"": 45.7, ""현금 및 예금"": 24.1, ""펀드"": 1.2, ""기타"": 8.2}"
760,,"{""주식"": 41.6, ""채권"": 5.2, ""현금 및 예금"": 35.9, ""펀드"": 13.3, ""기타"": 3.9}"
761,,"{""주식"": 25.6, ""채권"": 20.5, ""현금 및 예금"": 18.6, ""펀드"": 27.9, ""기타"": 7.3}"
762,,"{""주식"": 25.1, ""채권"": 25.2, ""현금 및 예금"": 33.1, ""펀드"": 12.9, ""기타"": 3.8}"
763,,"{""주식"": 11.1, ""채권"": 18.5, ""현금 및 예금"": 22.9, ""펀드"": 24.7, ""기타"": 22.7}"
764,,"{""주식"": 7.9, ""채권"": 29.8, ""현금 및 예금"": 16.5, ""펀드"": 9.5, ""기타"": 36.4}"
765,,"{""주식"": 31.8, ""채권"": 11.0, ""현금 및 예금"": 22.8, ""펀드"": 5.8, ""기타"": 28.6}"
766,,"{""주식"": 32.3, ""채권"": 8.0, ""현금 및 예금"": 5.6, ""펀드"": 20.3, ""기타"": 33.8}"
767,,"{""주식"": 7.0, ""채권"": 1.3, ""현금 및 예금"": 18.9, ""펀드"": 39.3, ""기타"": 33.5}"
768,,"{""주식"": 20.9, ""채권"": 11.4, ""현금 및 예금"": 23.9, ""펀드"": 22.6, ""기타"": 21.2}"
769,,"{""주식"": 9.7, ""채권"": 20.5, ""현금 및 예금"": 27.4, ""펀드"": 16.9, ""기타"": 25.5}"
770,,"{""주식"": 4.5, ""채권"": 23.0, ""현금 및 예금"": 13.4, ""펀드"": 21.8, ""기타"": 37.4}"
771,,"{""주식"": 4.2, ""채권"": 16.6, ""현금 및 예금"": 29.7, ""펀드"": 31.7, ""기타"": 17.8}"
772,,"{""주식"": 24.1, ""채권"": 14.9, ""현금 및 예금"": 0.5, ""펀드"": 32.6, ""기타"": 28.0}"
773,,"{""주식"": 1.5, ""채권"": 33.6, ""현금 및 예금"": 6.3, ""펀드"": 21.0, ""기타"": 37.6}"
774,,"{""주식"": 33.0, ""채권"": 26.6, ""현금 및 예금"": 17.6, ""펀드"": 3.1, ""기타"": 19.8}"
775,,"{""주식"": 20.7, ""채권"": 22.7, ""현금 및 예금"": 16.5, ""펀드"": 13.8, ""기타"": 26.3}"
776,,"{""주식"": 6.4, ""채권"": 34.1, ""현금 및 예금"": 33.2, ""펀드"": 15.0, ""기타"": 11.3}"
777,,"{""주식"": 0.9, ""채권"": 17.0, ""현금 및 예금"": 44.9, ""펀드"": 32.4, ""기타"": 4.9}"
778,,"{""주식"": 8.5, ""채권"": 0.7, ""현금 및 예금"": 50.1, ""펀드"": 5.5, ""기타"": 35.2}"
779,,"{""주식"": 28.9, ""채권"": 14.3, ""현금 및 예금"": 41.3, ""펀드"": 6.2, ""기타"": 9.1}"
780,,"{""주식"": 0.1, ""채권"": 31.4, ""현금 및 예금"": 38.7, ""펀드"": 29.6, ""기타"": 0.2}"
781,,"{""주식"": 16.3, ""채권"": 40.9, ""현금 및 예금"": 17.0, ""펀드"": 1.2, ""기타"": 24.6}"
782,,"{""주식"": 18.7, ""채권"": 11.8, ""현금 및 예금"": 26.2, ""펀드"": 33.4, ""기타"": 9.8}"
783,,"{""주식"": 18.6, ""채권"": 17.0, ""현금 및 예금"": 23.7, ""펀드"": 15.3, ""기타"": 25.5}"
784,,"{""주식"": 7.5, ""채권"": 16.6, ""현금 및 예금"": 40.2, ""펀드"": 12.4, ""기타"": 23.3}"
785,,"{""주식"": 1.8, ""채권"": 26.9, ""현금 및 예금"": 6.3, ""펀드"": 33.9, ""기타"": 31.1}"
786,,"{""주식"": 13.4, ""채권"": 1.4, ""현금 및 예금"": 29.3, ""펀드"": 22.8, ""기타"": 33.2}"
787,,"{""주식"": 1.0, ""채권"": 35.1, ""현금 및 예금"": 12.0, ""펀드"": 12.7, ""기타"": 39.2}"
788,,"{""주식"": 7.6, ""채권"": 3.7, ""현금 및 예금"": 3.7, ""펀드"": 12.0, ""기타"": 73.0}"
789,,"{""주식"": 15.8, ""채권"": 7.7, ""현금 및 예금"": 26.0, ""펀드"": 6.6, ""기타"": 43.9}"
790,,"{""주식"": 31.7, ""채권"": 21.6, ""현금 및 예금"": 26.2, ""펀드"": 17.9, ""기타"": 2.7}"
791,,"{""주식"": 14.7, ""채권"": 43.8, ""현금 및 예금"": 12.1, ""펀드"": 8.3, ""기타"": 21.0}"
792,,"{""주식"": 4.1, ""채권"": 25.7, ""현금 및 예금"": 29.6, ""펀드"": 22.3, ""기타"": 18.3}"
793,,"{""주식"": 11.2, ""채권"": 11.0, ""현금 및 예금"": 28.4, ""펀드"": 20.5, ""기타"": 28.8}"
794,,"{""주식"": 2.5, ""채권"": 7.5, ""현금 및 예금"": 24.0, ""펀드"": 34.3, ""기타"": 31.8}"
795,,"{""주식"": 29.3, ""채권"": 21.7, ""현금 및 예금"": 14.1, ""펀드"": 15.5, ""기타"": 19.5}"
796,,"{""주식"": 24.3, ""채권"": 30.0, ""현금 및 예금"": 30.8, ""펀드"": 11.5, ""기타"": 3.4}"
797,,"{""주식"": 3.5, ""채권"": 17.5, ""현금 및 예금"": 28.7, ""펀드"": 24.6, ""기타"": 25.7}"
798,,"{""주식"": 30.0, ""채권"": 16.8, ""현금 및 예금"": 23.8, ""펀드"": 29.1, ""기타"": 0.2}"
799,,"{""주식"": 30.4, ""채권"": 1.8, ""현금 및 예금"": 24.5, ""펀드"": 17.6, ""기타"": 25.7}"
800,,"{""주식"": 31.9, ""채권"": 25.5, ""현금 및 예금"": 4.8, ""펀드"": 2.7, ""기타"": 35.1}"
801,,"{""주식"": 0.2, ""채권"": 56.2, ""현금 및 예금"": 20.2, ""펀드"": 3.8, ""기타"": 19.5}"
802,,"{""주식"": 9.1, ""채권"": 19.0, ""현금 및 예금"": 30.4, ""펀드"": 16.0, ""기타"": 25.6}"
803,,"{""주식"": 1.3, ""채권"": 48.7, ""현금 및 예금"": 26.7, ""펀드"": 10.3, ""기타"": 13.1}"
804,,"{""주식"": 9.5, ""채권"": 20.9, ""현금 및 예금"": 22.3, ""펀드"": 39.7, ""기타"": 7.6}"
805,,"{""주식"": 11.2, ""채권"": 23.1, ""현금 및 예금"": 8.7, ""펀드"": 19.9, ""기타"": 37.1}"
806,,"{""주식"": 15.8, ""채권"": 41.4, ""현금 및 예금"": 15.3, ""펀드"": 23.0, ""기타"": 4.5}"
807,,"{""주식"": 10.5, ""채권"": 8.1, ""현금 및 예금"": 30.1, ""펀드"": 28.7, ""기타"": 22.6}"
808,,"{""주식"": 9.7, ""채권"": 25.1, ""현금 및 예금"": 51.8, ""펀드"": 2.2, ""기타"": 11.2}"
809,,"{""주식"": 7.1, ""채권"": 36.7, ""현금 및 예금"": 15.5, ""펀드"": 34.6, ""기타"": 6.2}"
810,,"{""주식"": 33.7, ""채권"": 33.3, ""현금 및 예금"": 14.6, ""펀드"": 2.6, ""기타"": 15.7}"
811,,"{""주식"": 27.3, ""채권"": 17.2, ""현금 및 예금"": 27.6, ""펀드"": 27.4, ""기타"": 0.5}"
812,,"{""주식"": 39.9, ""채권"": 16.1, ""현금 및 예금"": 6.8, ""펀드"": 31.1, ""기타"": 6.1}"
813,,"{""주식"": 7.3, ""채권"": 4.8, ""현금 및 예금"": 21.6, ""펀드"": 42.2, ""기타"": 24.1}"
814,,"{""주식"": 7.6, ""채권"": 24.8, ""현금 및 예금"": 3.5, ""펀드"": 11.8, ""기타"": 52.3}"
815,,"{""주식"": 5.2, ""채권"": 4.9, ""현금 및 예금"": 7.9, ""펀드"": 33.3, ""기타"": 48.7}"
816,,"{""주식"": 10.5, ""채권"": 26.6, ""현금 및 예금"": 28.7, ""펀드"": 8.5, ""기타"": 25.7}"
817,,"{""주식"": 21.1, ""채권"": 13.4, ""현금 및 예금"": 11.0, ""펀드"": 25.7, ""기타"": 28.7}"
818,,"{""주식"": 22.0, ""채권"": 26.5, ""현금 및 예금"": 17.9, ""펀드"": 6.9, ""기타"": 26.7}"
819,,"{""주식"": 4.0, ""채권"": 8.7, ""현금 및 예금"": 29.1, ""펀드"": 21.0, ""기타"": 37.2}"
820,,"{""주식"": 10.7, ""채권"": 30.7, ""현금 및 예금"": 5.9, ""펀드"": 33.1, ""기타"": 19.6}"
821,,"{""주식"": 30.9, ""채권"": 2.2, ""현금 및 예금"": 17.8, ""펀드"": 25.5, ""기타"": 23.6}"
822,,"{""주식"": 17.2, ""채권"": 9.6, ""현금 및 예금"": 10.6, ""펀드"": 20.2, ""기타"": 42.4}"
823,,"{""주식"": 17.9, ""채권"": 20.3, ""현금 및 예금"": 23.3, ""펀드"": 31.6, ""기타"": 7.0}"
824,,"{""주식"": 36.8, ""채권"": 7.0, ""현금 및 예금"": 13.9, ""펀드"": 32.3, ""기타"": 10.0}"
825,,"{""주식"": 19.6, ""채권"": 27.7, ""현금 및 예금"": 3.3, ""펀드"": 23.0, ""기타"": 26.3}"
826,,"{""주식"": 16.8, ""채권"": 5.8, ""현금 및 예금"": 27.7, ""펀드"": 42.1, ""기타"": 7.6}"
827,,"{""주식"": 6.8, ""채권"": 20.7, ""현금 및 예금"": 9.9, ""펀드"": 17.4, ""기타"": 45.2}"
828,,"{""주식"": 24.3, ""채권"": 20.5, ""현금 및 예금"": 19.3, ""펀드"": 14.3, ""기타"": 21.6}"
829,,"{""주식"": 21.4, ""채권"": 23.5, ""현금 및 예금"": 20.0, ""펀드"": 29.6, ""기타"": 5.5}"
830,,"{""주식"": 22.7, ""채권"": 5.4, ""현금 및 예금"": 24.1, ""펀드"": 46.0, ""기타"": 1.8}"
831,,"{""주식"": 13.0, ""채권"": 25.6, ""현금 및 예금"": 20.5, ""펀드"": 9.4, ""기타"": 31.6}"
832,,"{""주식"": 11.8, ""채권"": 17.2, ""현금 및 예금"": 4.8, ""펀드"": 29.6, ""기타"": 36.5}"
833,,"{""주식"": 14.9, ""채권"": 12.9, ""현금 및 예금"": 10.7, ""펀드"": 42.4, ""기타"": 19.0}"
834,,"{""주식"": 16.5, ""채권"": 7.9, ""현금 및 예금"": 13.0, ""펀드"": 27.1, ""기타"": 35.5}"
835,,"{""주식"": 7.8, ""채권"": 21.2, ""현금 및 예금"": 16.2, ""펀드"": 20.0, ""기타"": 34.8}"
836,,"{""주식"": 11.3, ""채권"": 34.8, ""현금 및 예금"": 19.7, ""펀드"": 13.2, ""기타"": 21.0}"
837,,"{""주식"": 14.0, ""채권"": 10.7, ""현금 및 예금"": 13.5, ""펀드"": 30.0, ""기타"": 31.9}"
838,,"{""주식"": 6.9, ""채권"": 4.3, ""현금 및 예금"": 53.6, ""펀드"": 15.4, ""기타"": 19.8}"
839,,"{""주식"": 3.6, ""채권"": 30.4, ""현금 및 예금"": 11.6, ""펀드"": 9.6, ""기타"": 44.8}"
840,,"{""주식"": 26.3, ""채권"": 28.0, ""현금 및 예금"": 17.5, ""펀드"": 9.4, ""기타"": 18.8}"
841,,"{""주식"": 9.2, ""채권"": 30.3, ""현금 및 예금"": 16.4, ""펀드"": 14.1, ""기타"": 30.0}"
842,,"{""주식"": 16.6, ""채권"": 22.3, ""현금 및 예금"": 27.9, ""펀드"": 23.7, ""기타"": 9.5}"
843,,"{""주식"": 28.3, ""채권"": 17.2, ""현금 및 예금"": 11.6, ""펀드"": 32.7, ""기타"": 10.1}"
844,,"{""주식"": 26.5, ""채권"": 24.3, ""현금 및 예금"": 7.4, ""펀드"": 8.1, ""기타"": 33.7}"
845,,"{""주식"": 9.4, ""채권"": 31.5, ""현금 및 예금"": 25.0, ""펀드"": 17.9, ""기타"": 16.2}"
846,,"{""주식"": 9.9, ""채권"": 31.9, ""현금 및 예금"": 22.3, ""펀드"": 16.6, ""기타"": 19.3}"
847,,"{""주식"": 26.3, ""채권"": 22.2, ""현금 및 예금"": 0.8, ""펀드"": 24.3, ""기타"": 26.3}"
848,,"{""주식"": 8.9, ""채권"": 8.6, ""현금 및 예금"": 50.7, ""펀드"": 17.7, ""기타"": 14.2}"
849,,"{""주식"": 40.1, ""채권"": 3.3, ""현금 및 예금"": 30.7, ""펀드"": 6.8, ""기타"": 19.1}"
850,,"{""주식"": 33.1, ""채권"": 3.3, ""현금 및 예금"": 2.2, ""펀드"": 47.1, ""기타"": 14.4}"
851,,"{""주식"": 23.0, ""채권"": 23.2, ""현금 및 예금"": 16.5, ""펀드"": 17.3, ""기타"": 20.0}"
852,,"{""주식"": 11.2, ""채권"": 27.1, ""현금 및 예금"": 25.6, ""펀드"": 34.0, ""기타"": 2.1}"
853,,"{""주식"": 30.3, ""채권"": 2.1, ""현금 및 예금"": 34.3, ""펀드"": 7.4, ""기타"": 25.8}"
854,,"{""주식"": 29.0, ""채권"": 23.5, ""현금 및 예금"": 10.1, ""펀드"": 9.1, ""기타"": 28.3}"
855,,"{""주식"": 22.8, ""채권"": 0.5, ""현금 및 예금"": 44.8, ""펀드"": 18.5, ""기타"": 13.4}"
856,,"{""주식"": 17.9, ""채권"": 9.5, ""현금 및 예금"": 7.1, ""펀드"": 9.9, ""기타"": 55.6}"
857,,"{""주식"": 21.5, ""채권"": 6.4, ""현금 및 예금"": 17.1, ""펀드"": 28.0, ""기타"": 27.1}"
858,,"{""주식"": 26.3, ""채권"": 32.5, ""현금 및 예금"": 22.1, ""펀드"": 17.2, ""기타"": 1.9}"
859,,"{""주식"": 31.2, ""채권"": 4.5, ""현금 및 예금"": 0.6, ""펀드"": 18.6, ""기타"": 45.0}"
860,,"{""주식"": 16.5, ""채권"": 5.5, ""현금 및 예금"": 14.4, ""펀드"": 13.5, ""기타"": 50.1}"
861,,"{""주식"": 18.8, ""채권"": 21.3, ""현금 및 예금"": 28.9, ""펀드"": 1.2, ""기타"": 29.8}"
862,,"{""주식"": 26.0, ""채권"": 17.2, ""현금 및 예금"": 9.0, ""펀드"": 31.9, ""기타"": 16.0}"
863,,"{""주식"": 8.8, ""채권"": 24.2, ""현금 및 예금"": 10.2, ""펀드"": 40.5, ""기타"": 16.3}"
864,,"{""주식"": 29.0, ""채권"": 17.6, ""현금 및 예금"": 19.1, ""펀드"": 12.5, ""기타"": 21.8}"
865,,"{""주식"": 20.1, ""채권"": 12.9, ""현금 및 예금"": 15.3, ""펀드"": 18.9, ""기타"": 32.7}"
866,,"{""주식"": 11.9, ""채권"": 13.7, ""현금 및 예금"": 39.7, ""펀드"": 10.0, ""기타"": 24.8}"
867,,"{""주식"": 0.7, ""채권"": 32.3, ""현금 및 예금"": 27.3, ""펀드"": 23.9, ""기타"": 15.7}"
868,,"{""주식"": 23.7, ""채권"": 25.7, ""현금 및 예금"": 9.6, ""펀드"": 12.0, ""기타"": 29.0}"
869,,"{""주식"": 25.2, ""채권"": 14.0, ""현금 및 예금"": 25.5, ""펀드"": 35.1, ""기타"": 0.3}"
870,,"{""주식"": 39.4, ""채권"": 11.5, ""현금 및 예금"": 3.4, ""펀드"": 17.1, ""기타"": 28.6}"
871,,"{""주식"": 32.1, ""채권"": 24.8, ""현금 및 예금"": 18.0, ""펀드"": 0.4, ""기타"": 24.7}"
872,,"{""주식"": 16.8, ""채권"": 21.7, ""현금 및 예금"": 21.4, ""펀드"": 16.8, ""기타"": 23.3}"
873,,"{""주식"": 17.2, ""채권"": 24.2, ""현금 및 예금"": 30.9, ""펀드"": 1.9, ""기타"": 25.7}"
874,,"{""주식"": 10.4, ""채권"": 6.6, ""현금 및 예금"": 6.8, ""펀드"": 55.6, ""기타"": 20.6}"
875,,"{""주식"": 31.9, ""채권"": 25.1, ""현금 및 예금"": 7.2, ""펀드"": 2.4, ""기타"": 33.4}"
876,,"{""주식"": 15.3, ""채권"": 27.5, ""현금 및 예금"": 12.8, ""펀드"": 17.7, ""기타"": 26.7}"
877,,"{""주식"": 13.7, ""채권"": 24.0, ""현금 및 예금"": 33.4, ""펀드"": 21.6, ""기타"": 7.3}"
878,,"{""주식"": 42.4, ""채권"": 16.6, ""현금 및 예금"": 24.5, ""펀드"": 6.6, ""기타"": 9.9}"
879,,"{""주식"": 20.0, ""채권"": 25.7, ""현금 및 예금"": 6.8, ""펀드"": 18.8, ""기타"": 28.7}"
880,,"{""주식"": 33.0, ""채권"": 17.2, ""현금 및 예금"": 23.6, ""펀드"": 6.2, ""기타"": 20.1}"
881,,"{""주식"": 23.3, ""채권"": 5.6, ""현금 및 예금"": 20.6, ""펀드"": 32.5, ""기타"": 18.1}"
882,,"{""주식"": 39.4, ""채권"": 19.5, ""현금 및 예금"": 8.2, ""펀드"": 19.6, ""기타"": 13.3}"
883,,"{""주식"": 18.4, ""채권"": 8.6, ""현금 및 예금"": 14.7, ""펀드"": 14.4, ""기타"": 43.9}"
884,,"{""주식"": 14.1, ""채권"": 8.0, ""현금 및 예금"": 26.1, ""펀드"": 26.6, ""기타"": 25.2}"
885,,"{""주식"": 10.1, ""채권"": 25.6, ""현금 및 예금"": 25.3, ""펀드"": 35.8, ""기타"": 3.3}"
886,,"{""주식"": 40.5, ""채권"": 32.2, ""현금 및 예금"": 22.7, ""펀드"": 0.5, ""기타"": 4.1}"
887,,"{""주식"": 23.8, ""채권"": 7.9, ""현금 및 예금"": 26.8, ""펀드"": 33.2, ""기타"": 8.2}"
888,,"{""주식"": 22.5, ""채권"": 9.4, ""현금 및 예금"": 18.4, ""펀드"": 27.3, ""기타"": 22.3}"
889,,"{""주식"": 35.1, ""채권"": 1.3, ""현금 및 예금"": 32.0, ""펀드"": 29.6, ""기타"": 2.1}"
890,,"{""주식"": 14.7, ""채권"": 35.2, ""현금 및 예금"": 6.1, ""펀드"": 22.3, ""기타"": 21.7}"
891,,"{""주식"": 0.3, ""채권"": 30.0, ""현금 및 예금"": 25.9, ""펀드"": 24.9, ""기타"": 18.9}"
892,,"{""주식"": 23.2, ""채권"": 4.8, ""현금 및 예금"": 10.6, ""펀드"": 23.0, ""기타"": 38.4}"
893,,"{""주식"": 23.1, ""채권"": 11.4, ""현금 및 예금"": 28.7, ""펀드"": 8.9, ""기타"": 28.0}"
894,,"{""주식"": 0.9, ""채권"": 3.8, ""현금 및 예금"": 36.4, ""펀드"": 13.3, ""기타"": 45.6}"
895,,"{""주식"": 22.2, ""채권"": 19.2, ""현금 및 예금"": 30.3, ""펀드"": 13.3, ""기타"": 15.0}"
896,,"{""주식"": 13.1, ""채권"": 0.6, ""현금 및 예금"": 30.9, ""펀드"": 53.4, ""기타"": 2.0}"
897,,"{""주식"": 12.4, ""채권"": 22.6, ""현금 및 예금"": 29.9, ""펀드"": 26.0, ""기타"": 9.1}"
898,,"{""주식"": 40.6, ""채권"": 10.7, ""현금 및 예금"": 32.0, ""펀드"": 12.9, ""기타"": 3.8}"
899,,"{""주식"": 18.5, ""채권"": 34.6, ""현금 및 예금"": 27.8, ""펀드"": 17.0, ""기타"": 2.1}"
900,,"{""주식"": 26.3, ""채권"": 27.2, ""현금 및 예금"": 21.4, ""펀드"": 21.5, ""기타"": 3.6}"
901,,"{""주식"": 31.2, ""채권"": 11.3, ""현금 및 예금"": 1.8, ""펀드"": 32.3, ""기타"": 23.4}"
902,,"{""주식"": 31.2, ""채권"": 16.3, ""현금 및 예금"": 26.9, ""펀드"": 4.9, ""기타"": 20.7}"
903,,"{""주식"": 9.4, ""채권"": 53.0, ""현금 및 예금"": 6.5, ""펀드"": 14.5, ""기타"": 16.6}"
904,,"{""주식"": 30.5, ""채권"": 12.6, ""현금 및 예금"": 22.3, ""펀드"": 15.0, ""기타"": 19.6}"
905,,"{""주식"": 22.5, ""채권"": 24.9, ""현금 및 예금"": 4.5, ""펀드"": 26.7, ""기타"": 21.3}"
906,,"{""주식"": 17.0, ""채권"": 23.8, ""현금 및 예금"": 27.1, ""펀드"": 13.2, ""기타"": 18.9}"
907,,"{""주식"": 25.8, ""채권"": 36.6, ""현금 및 예금"": 19.6, ""펀드"": 13.4, ""기타"": 4.5}"
908,,"{""주식"": 20.1, ""채권"": 15.6, ""현금 및 예금"": 29.8, ""펀드"": 7.9, ""기타"": 26.6}"
909,,"{""주식"": 1.3, ""채권"": 13.0, ""현금 및 예금"": 27.3, ""펀드"": 11.0, ""기타"": 47.5}"
910,,"{""주식"": 15.4, ""채권"": 40.2, ""현금 및 예금"": 5.2, ""펀드"": 8.9, ""기타"": 30.3}"
911,,"{""주식"": 8.4, ""채권"": 0.9, ""현금 및 예금"": 35.1, ""펀드"": 35.8, ""기타"": 19.8}"
912,,"{""주식"": 0.8, ""채권"": 5.3, ""현금 및 예금"": 50.5, ""펀드"": 3.6, ""기타"": 39.8}"
913,,"{""주식"": 9.2, ""채권"": 24.5, ""현금 및 예금"": 16.1, ""펀드"": 30.4, ""기타"": 19.9}"
914,,"{""주식"": 25.7, ""채권"": 11.8, ""현금 및 예금"": 12.7, ""펀드"": 29.5, ""기타"": 20.3}"
915,,"{""주식"": 34.0, ""채권"": 35.4, ""현금 및 예금"": 2.8, ""펀드"": 22.8, ""기타"": 5.0}"
916,,"{""주식"": 27.0, ""채권"": 21.5, ""현금 및 예금"": 20.6, ""펀드"": 20.3, ""기타"": 10.6}"
917,,"{""주식"": 6.6, ""채권"": 29.1, ""현금 및 예금"": 22.2, ""펀드"": 29.3, ""기타"": 12.8}"
918,,"{""주식"": 15.2, ""채권"": 5.2, ""현금 및 예금"": 1.2, ""펀드"": 35.3, ""기타"": 43.2}"
919,,"{""주식"": 30.3, ""채권"": 20.7, ""현금 및 예금"": 10.6, ""펀드"": 13.2, ""기타"": 25.3}"
920,,"{""주식"": 7.9, ""채권"": 20.7, ""현금 및 예금"": 21.1, ""펀드"": 20.0, ""기타"": 30.2}"
921,,"{""주식"": 27.8, ""채권"": 4.5, ""현금 및 예금"": 25.0, ""펀드"": 20.7, ""기타"": 22.1}"
922,,"{""주식"": 3.5, ""채권"": 38.1, ""현금 및 예금"": 29.4, ""펀드"": 9.7, ""기타"": 19.3}"
923,,"{""주식"": 20.3, ""채권"": 18.1, ""현금 및 예금"": 17.9, ""펀드"": 23.5, ""기타"": 20.4}"
924,,"{""주식"": 5.5, ""채권"": 1.7, ""현금 및 예금"": 27.9, ""펀드"": 32.9, ""기타"": 32.1}"
925,,"{""주식"": 13.5, ""채권"": 9.6, ""현금 및 예금"": 13.1, ""펀드"": 33.7, ""기타"": 30.1}"
926,,"{""주식"": 27.5, ""채권"": 27.3, ""현금 및 예금"": 5.2, ""펀드"": 18.1, ""기타"": 21.9}"
927,,"{""주식"": 4.7, ""채권"": 12.4, ""현금 및 예금"": 46.5, ""펀드"": 32.2, ""기타"": 4.1}"
928,,"{""주식"": 29.0, ""채권"": 1.2, ""현금 및 예금"": 36.6, ""펀드"": 9.3, ""기타"": 24.0}"
929,,"{""주식"": 30.3, ""채권"": 3.3, ""현금 및 예금"": 4.0, ""펀드"": 34.7, ""기타"": 27.7}"
930,,"{""주식"": 32.5, ""채권"": 10.2, ""현금 및 예금"": 17.4, ""펀드"": 13.8, ""기타"": 26.1}"
931,,"{""주식"": 0.7, ""채권"": 9.5, ""현금 및 예금"": 39.2, ""펀드"": 18.9, ""기타"": 31.7}"
932,,"{""주식"": 26.6, ""채권"": 19.7, ""현금 및 예금"": 29.4, ""펀드"": 21.2, ""기타"": 3.1}"
933,,"{""주식"": 2.7, ""채권"": 8.6, ""현금 및 예금"": 50.2, ""펀드"": 7.0, ""기타"": 31.4}"
934,,"{""주식"": 19.8, ""채권"": 25.4, ""현금 및 예금"": 25.0, ""펀드"": 22.9, ""기타"": 6.9}"
935,,"{""주식"": 52.9, ""채권"": 3.8, ""현금 및 예금"": 18.9, ""펀드"": 4.5, ""기타"": 19.9}"
936,,"{""주식"": 17.4, ""채권"": 24.7, ""현금 및 예금"": 3.1, ""펀드"": 25.4, ""기타"": 29.4}"
937,,"{""주식"": 20.7, ""채권"": 10.7, ""현금 및 예금"": 28.1, ""펀드"": 11.0, ""기타"": 29.6}"
938,,"{""주식"": 10.4, ""채권"": 33.4, ""현금 및 예금"": 17.6, ""펀드"": 33.5, ""기타"": 5.0}"
939,,"{""주식"": 13.5, ""채권"": 32.5, ""현금 및 예금"": 7.8, ""펀드"": 29.9, ""기타"": 16.4}"
940,,"{""주식"": 28.1, ""채권"": 5.9, ""현금 및 예금"": 17.0, ""펀드"": 13.2, ""기타"": 35.8}"
941,,"{""주식"": 15.8, ""채권"": 23.3, ""현금 및 예금"": 2.5, ""펀드"": 30.7, ""기타"": 27.7}"
942,,"{""주식"": 1.2, ""채권"": 18.5, ""현금 및 예금"": 23.4, ""펀드"": 29.6, ""기타"": 27.3}"
943,,"{""주식"": 35.9, ""채권"": 9.0, ""현금 및 예금"": 23.4, ""펀드"": 9.8, ""기타"": 21.9}"
944,,"{""주식"": 14.6, ""채권"": 21.9, ""현금 및 예금"": 18.0, ""펀드"": 22.5, ""기타"": 22.9}"
945,,"{""주식"": 28.1, ""채권"": 27.7, ""현금 및 예금"": 7.1, ""펀드"": 19.4, ""기타"": 17.7}"
946,,"{""주식"": 23.1, ""채권"": 22.1, ""현금 및 예금"": 21.4, ""펀드"": 18.8, ""기타"": 14.6}"
947,,"{""주식"": 31.2, ""채권"": 15.4, ""현금 및 예금"": 21.9, ""펀드"": 24.0, ""기타"": 7.5}"
948,,"{""주식"": 9.0, ""채권"": 37.3, ""현금 및 예금"": 28.6, ""펀드"": 14.2, ""기타"": 10.9}"
949,,"{""주식"": 24.4, ""채권"": 28.1, ""현금 및 예금"": 14.7, ""펀드"": 29.7, ""기타"": 3.1}"
950,,"{""주식"": 20.1, ""채권"": 11.6, ""현금 및 예금"": 16.7, ""펀드"": 21.6, ""기타"": 30.1}"
951,,"{""주식"": 28.7, ""채권"": 9.5, ""현금 및 예금"": 30.0, ""펀드"": 17.8, ""기타"": 13.9}"
952,,"{""주식"": 20.0, ""채권"": 8.6, ""현금 및 예금"": 24.3, ""펀드"": 28.7, ""기타"": 18.4}"
953,,"{""주식"": 27.7, ""채권"": 3.7, ""현금 및 예금"": 25.8, ""펀드"": 18.4, ""기타"": 24.4}"
954,,"{""주식"": 27.6, ""채권"": 16.9, ""현금 및 예금"": 9.0, ""펀드"": 34.6, ""기타"": 12.0}"
955,,"{""주식"": 29.6, ""채권"": 29.2, ""현금 및 예금"": 7.4, ""펀드"": 18.9, ""기타"": 15.0}"
956,,"{""주식"": 40.2, ""채권"": 5.4, ""현금 및 예금"": 28.5, ""펀드"": 17.1, ""기타"": 8.8}"
957,,"{""주식"": 20.8, ""채권"": 15.8, ""현금 및 예금"": 28.2, ""펀드"": 1.4, ""기타"": 33.8}"
958,,"{""주식"": 36.7, ""채권"": 27.3, ""현금 및 예금"": 7.9, ""펀드"": 25.2, ""기타"": 2.9}"
959,,"{""주식"": 8.8, ""채권"": 15.7, ""현금 및 예금"": 10.1, ""펀드"": 36.2, ""기타"": 29.2}"
960,,"{""주식"": 14.5, ""채권"": 43.6, ""현금 및 예금"": 28.7, ""펀드"": 6.5, ""기타"": 6.6}"
961,,"{""주식"": 5.7, ""채권"": 10.9, ""현금 및 예금"": 30.6, ""펀드"": 22.6, ""기타"": 30.2}"
962,,"{""주식"": 38.5, ""채권"": 17.7, ""현금 및 예금"": 23.3, ""펀드"": 0.9, ""기타"": 19.5}"
963,,"{""주식"": 31.1, ""채권"": 19.4, ""현금 및 예금"": 1.3, ""펀드"": 19.0, ""기타"": 29.2}"
964,,"{""주식"": 34.7, ""채권"": 8.0, ""현금 및 예금"": 31.3, ""펀드"": 7.9, ""기타"": 18.1}"
965,,"{""주식"": 2.0, ""채권"": 16.6, ""현금 및 예금"": 39.0, ""펀드"": 7.0, ""기타"": 35.4}"
966,,"{""주식"": 13.3, ""채권"": 13.0, ""현금 및 예금"": 27.2, ""펀드"": 27.4, ""기타"": 19.2}"
967,,"{""주식"": 34.0, ""채권"": 4.8, ""현금 및 예금"": 4.4, ""펀드"": 46.0, ""기타"": 10.7}"
968,,"{""주식"": 24.1, ""채권"": 27.4, ""현금 및 예금"": 8.2, ""펀드"": 25.8, ""기타"": 14.6}"
969,,"{""주식"": 19.2, ""채권"": 3.4, ""현금 및 예금"": 22.1, ""펀드"": 35.1, ""기타"": 20.1}"
970,,"{""주식"": 7.3, ""채권"": 26.9, ""현금 및 예금"": 24.8, ""펀드"": 14.5, ""기타"": 26.6}"
971,,"{""주식"": 13.6, ""채권"": 2.0, ""현금 및 예금"": 33.1, ""펀드"": 33.5, ""기타"": 17.8}"
972,,"{""주식"": 33.0, ""채권"": 11.4, ""현금 및 예금"": 1.5, ""펀드"": 23.5, ""기타"": 30.6}"
973,,"{""주식"": 16.6, ""채권"": 8.4, ""현금 및 예금"": 17.9, ""펀드"": 31.4, ""기타"": 25.6}"
974,,"{""주식"": 12.5, ""채권"": 16.6, ""현금 및 예금"": 3.4, ""펀드"": 32.2, ""기타"": 35.3}"
975,,"{""주식"": 29.4, ""채권"": 28.3, ""현금 및 예금"": 6.0, ""펀드"": 29.9, ""기타"": 6.4}"
976,,"{""주식"": 35.4, ""채권"": 18.6, ""현금 및 예금"": 24.1, ""펀드"": 21.9, ""기타"": 0.0}"
977,,"{""주식"": 7.1, ""채권"": 15.0, ""현금 및 예금"": 1.5, ""펀드"": 39.3, ""기타"": 37.1}"
978,,"{""주식"": 22.3, ""채권"": 6.8, ""현금 및 예금"": 19.3, ""펀드"": 24.2, ""기타"": 27.3}"
979,,"{""주식"": 22.8, ""채권"": 23.6, ""현금 및 예금"": 26.8, ""펀드"": 14.7, ""기타"": 12.1}"
980,,"{""주식"": 31.0, ""채권"": 1.8, ""현금 및 예금"": 22.6, ""펀드"": 30.1, ""기타"": 14.5}"
981,,"{""주식"": 26.4, ""채권"": 23.8, ""현금 및 예금"": 18.1, ""펀드"": 23.8, ""기타"": 7.9}"
982,,"{""주식"": 19.4, ""채권"": 21.9, ""현금 및 예금"": 27.3, ""펀드"": 24.5, ""기타"": 6.9}"
983,,"{""주식"": 16.9, ""채권"": 47.6, ""현금 및 예금"": 1.3, ""펀드"": 30.6, ""기타"": 3.5}"
984,,"{""주식"": 4.2, ""채권"": 27.1, ""현금 및 예금"": 4.6, ""펀드"": 0.6, ""기타"": 63.5}"
985,,"{""주식"": 22.1, ""채권"": 20.5, ""현금 및 예금"": 22.4, ""펀드"": 25.0, ""기타"": 10.0}"
986,,"{""주식"": 18.9, ""채권"": 20.6, ""현금 및 예금"": 13.5, ""펀드"": 22.0, ""기타"": 25.0}"
987,,"{""주식"": 20.8, ""채권"": 35.0, ""현금 및 예금"": 41.0, ""펀드"": 0.1, ""기타"": 3.1}"
988,,"{""주식"": 4.4, ""채권"": 15.1, ""현금 및 예금"": 5.6, ""펀드"": 27.9, ""기타"": 47.0}"
989,,"{""주식"": 8.3, ""채권"": 33.5, ""현금 및 예금"": 22.6, ""펀드"": 15.7, ""기타"": 19.8}"
990,,"{""주식"": 31.9, ""채권"": 56.4, ""현금 및 예금"": 1.9, ""펀드"": 0.7, ""기타"": 9.0}"
991,,"{""주식"": 33.3, ""채권"": 10.4, ""현금 및 예금"": 18.4, ""펀드"": 33.5, ""기타"": 4.3}"
992,,"{""주식"": 37.4, ""채권"": 13.6, ""현금 및 예금"": 37.1, ""펀드"": 1.6, ""기타"": 10.3}"
993,,"{""주식"": 11.7, ""채권"": 11.4, ""현금 및 예금"": 8.7, ""펀드"": 22.5, ""기타"": 45.7}"
994,,"{""주식"": 25.4, ""채권"": 33.5, ""현금 및 예금"": 5.5, ""펀드"": 30.2, ""기타"": 5.3}"
995,,"{""주식"": 21.5, ""채권"": 7.3, ""현금 및 예금"": 25.4, ""펀드"": 21.4, ""기타"": 24.4}"
996,,"{""주식"": 28.5, ""채권"": 35.0, ""현금 및 예금"": 0.3, ""펀드"": 4.5, ""기타"": 31.7}"
997,,"{""주식"": 20.1, ""채권"": 22.8, ""현금 및 예금"": 28.6, ""펀드"": 21.5, ""기타"": 6.9}"
998,,"{""주식"": 33.2, ""채권"": 19.7, ""현금 및 예금"": 27.6, ""펀드"": 19.4, ""기타"": 0.1}"
999,,"{""주식"": 19.9, ""채권"": 26.9, ""현금 및 예금"": 3.0, ""펀드"": 27.2, ""기타"": 23.1}"
1000,,"{""주식"": 32.5, ""채권"": 1.7, ""현금 및 예금"": 27.2, ""펀드"": 29.6, ""기타"": 8.9}"